source_event_id,n_traces,n_stations,n_s_picks,magnitude,depth_km,lat,lon,gap_deg,origin_time
21052118080,237,96,17,7.3,10.0,37.63,81.53,333.0,2021-05-21 18:01:05.230000
20121013190,613,428,559,6.64,75.71,24.74,122.0,67.0,2020-12-10 13:19:58.659999
21050305070,265,116,237,6.63,209.18,25.45,124.06,187.0,2021-05-03 05:07:29.559999
20041016450,438,259,359,6.58,179.35,20.54,122.17,215.0,2020-04-10 16:44:57.450000
21102405110,336,149,234,6.54,65.6,24.53,121.78,34.0,2021-10-24 05:11:34.670000
21032622020,245,113,229,6.53,194.51,25.79,125.29,143.0,2021-03-26 22:02:15.050000
21111015450,342,155,181,6.46,10.0,23.55,126.14,180.0,2021-11-10 15:45:14.880000
21041814140,336,149,264,6.26,14.42,23.86,121.48,45.0,2021-04-18 14:14:37.799999
20072612520,534,354,519,6.24,53.59,24.26,122.42,120.0,2020-07-26 12:52:29.809999
20061320180,526,346,402,6.09,55.55,24.26,122.44,119.0,2020-06-13 20:18:59.979999
21080421500,331,149,177,6.08,6.97,24.8,122.32,114.0,2021-08-04 21:50:45.399999
20093004370,488,331,464,6.02,105.95,24.84,122.1,125.0,2020-09-30 04:37:20.329999
20050303240,796,609,703,5.97,40.25,23.24,121.57,99.0,2020-05-03 03:24:40.899999
21090614000,331,148,285,5.94,41.09,23.85,122.08,53.0,2021-09-06 14:00:26.120000
21030209220,312,132,164,5.89,27.63,21.91,121.16,201.0,2021-03-02 09:23:00.810000
21010911350,290,122,280,5.84,72.0,24.73,122.02,100.0,2021-01-09 11:35:53.020000
21012507250,242,111,215,5.81,35.88,23.42,123.63,184.0,2021-01-25 07:25:38.049999
21041814110,333,148,235,5.8,16.3,23.87,121.48,66.0,2021-04-18 14:11:39.579999
21092522200,323,143,190,5.78,46.13,24.32,121.68,43.0,2021-09-25 22:21:19.629999
21020408130,303,128,143,5.77,50.36,21.46,121.87,198.0,2021-02-04 08:14:02.160000
20121018150,422,240,401,5.75,62.74,24.53,121.97,59.0,2020-12-10 18:15:08.560000
20021510590,670,500,527,5.73,8.32,23.86,121.51,68.0,2020-02-15 11:00:06.500000
21080608100,325,145,172,5.68,13.28,24.79,122.19,66.0,2021-08-06 08:11:04.710000
21020816561,294,125,248,5.67,24.67,24.37,122.02,71.0,2021-02-08 16:58:02.879999
20110601400,324,165,302,5.66,37.1,23.11,122.12,175.0,2020-11-06 01:40:18.269999
21091310410,332,147,281,5.61,46.1,24.12,121.01,24.0,2021-09-13 10:41:27.690000
21020816560,296,124,283,5.58,70.04,24.36,122.36,117.0,2021-02-08 16:56:31.429999
20082622150,283,117,247,5.58,139.99,24.97,123.18,254.0,2020-08-26 22:15:08.599999
21102405111,178,79,122,5.58,64.13,24.57,121.78,33.0,2021-10-24 05:12:42.649999
21032806400,269,117,254,5.54,94.66,24.54,122.75,168.0,2021-03-28 06:41:18.489999
21123006470,292,127,222,5.52,29.65,23.98,122.51,118.0,2021-12-30 06:47:09.699999
21120613050,286,124,266,5.51,105.43,24.86,122.05,114.0,2021-12-06 13:05:51.939999
21070722110,269,116,201,5.51,8.24,23.89,121.57,31.0,2021-07-07 22:11:55.570000
21011623100,256,107,158,5.51,21.1,22.54,121.35,118.0,2021-01-16 23:10:59.289999
21070711240,335,148,165,5.46,6.79,23.89,121.57,33.0,2021-07-07 11:24:58.530000
21061107330,324,144,129,5.46,10.62,23.89,121.53,23.0,2021-06-11 07:33:26.309999
21111413050,279,119,246,5.45,66.22,24.57,121.94,74.0,2021-11-14 13:05:15.199999
20110518360,375,223,325,5.43,25.85,22.6,121.37,112.0,2020-11-05 18:36:12.160000
20121005290,351,180,323,5.43,38.02,23.45,121.55,117.0,2020-12-10 05:29:38.579999
20061101380,333,172,332,5.43,90.79,24.5,122.39,116.0,2020-06-11 01:38:26.500000
21071322510,328,146,164,5.43,8.66,23.93,121.6,47.0,2021-07-13 22:52:05.269999
21080611120,318,142,158,5.4,7.2,23.16,121.29,47.0,2021-08-06 11:12:30.519999
20111607180,322,150,275,5.38,68.24,21.98,121.28,181.0,2020-11-16 07:19:12.119999
20092820500,407,230,279,5.37,11.5,22.38,121.02,67.0,2020-09-28 20:50:54.710000
21112409550,275,116,213,5.35,26.77,24.05,122.41,101.0,2021-11-24 09:55:18.960000
21080421560,230,98,177,5.35,16.48,24.78,122.28,156.0,2021-08-04 21:56:27.160000
21061121580,330,146,185,5.33,5.93,22.65,121.06,55.0,2021-06-11 21:58:58.609999
21102303160,263,111,213,5.33,26.8,24.07,121.65,49.0,2021-10-23 03:16:04.620000
20111121330,258,106,128,5.33,33.47,21.6,121.83,268.0,2020-11-11 21:33:26.980000
20062912520,325,150,311,5.32,64.59,24.3,122.34,119.0,2020-06-29 12:52:48.340000
20110317590,268,117,219,5.32,123.5,21.19,121.83,284.0,2020-11-03 17:59:06.019999
20101715020,463,315,421,5.31,15.8,23.28,120.38,21.0,2020-10-17 15:03:13.619999
20021511040,447,275,378,5.31,9.05,23.85,121.52,77.0,2020-02-15 11:05:00.480000
21022201500,305,127,284,5.31,107.89,22.62,121.56,140.0,2021-02-22 01:50:49.759999
21111702250,273,113,213,5.31,10.0,24.78,122.18,120.0,2021-11-17 02:25:35.130000
20022511130,475,287,403,5.3,5.13,24.39,121.41,34.0,2020-02-25 11:14:02.109999
20041211360,366,176,331,5.29,45.44,24.06,122.2,137.0,2020-04-12 11:36:41.179999
21021718380,306,129,209,5.25,21.68,22.24,121.38,108.0,2021-02-17 18:38:48.659999
21101805490,270,114,225,5.25,31.4,24.2,121.67,29.0,2021-10-18 05:49:18.629999
20052422310,399,228,321,5.24,23.78,24.36,121.95,66.0,2020-05-24 22:31:30.489999
20112913420,280,120,238,5.23,31.77,24.2,122.25,76.0,2020-11-29 13:42:14.669999
20020317020,414,252,350,5.19,33.32,23.57,121.53,107.0,2020-02-03 17:02:56.840000
20021317490,307,136,254,5.19,38.62,24.29,122.12,76.0,2020-02-13 17:49:19.429999
21012509050,241,109,179,5.19,16.9,23.51,123.45,184.0,2021-01-25 09:05:57.840000
21012807280,208,90,161,5.16,9.12,22.54,120.98,96.0,2021-01-28 07:29:31.829999
21012507251,249,103,188,5.14,40.65,23.47,123.53,263.0,2021-01-25 07:27:18.640000
21061105120,326,143,183,5.12,11.32,23.9,121.52,24.0,2021-06-11 05:12:48.899999
21071323440,270,116,196,5.12,5.37,23.93,121.63,46.0,2021-07-13 23:45:27.199999
20021519200,365,189,255,5.1,8.7,23.85,121.52,77.0,2020-02-15 19:20:13.849999
20071204060,300,131,255,5.1,127.9,24.85,122.88,119.0,2020-07-12 04:06:08.609999
20092901140,320,170,202,5.08,11.67,22.37,121.02,67.0,2020-09-29 01:14:17.149999
21100406070,268,113,197,5.08,3.92,24.78,122.25,127.0,2021-10-04 06:07:50.539999
21071322580,245,104,191,5.08,7.05,23.93,121.63,45.0,2021-07-13 22:59:24.539999
21030414240,296,122,214,5.07,9.04,24.77,122.26,127.0,2021-03-04 14:24:57.920000
20062623270,372,186,286,5.05,5.37,23.05,120.84,30.0,2020-06-26 23:27:44.890000
21062316100,274,117,242,5.05,78.54,24.56,122.91,188.0,2021-06-23 16:10:06.280000
21012511390,264,111,246,5.04,100.4,24.83,122.19,136.0,2021-01-25 11:39:23.760000
21062014490,333,147,233,5.03,10.77,23.79,121.47,25.0,2021-06-20 14:50:13.509999
21091904450,253,104,246,5.03,98.06,24.73,122.32,141.0,2021-09-19 04:46:03.700000
21052516460,266,112,215,5.01,20.19,23.94,121.49,28.0,2021-05-25 16:48:00.500000
20111620140,245,104,162,5.01,32.44,21.51,121.01,257.0,2020-11-16 20:14:24.410000
21100704180,258,107,246,5.0,80.53,24.57,122.56,213.0,2021-10-07 04:18:43.460000
20111121350,244,101,90,5.0,47.9,21.54,121.77,272.0,2020-11-11 21:35:34.579999
20091701370,311,159,231,4.99,19.11,23.05,121.33,101.0,2020-09-17 01:37:52.090000
20060701490,342,181,273,4.97,12.1,24.13,121.64,64.0,2020-06-07 01:49:23.260000
21011003230,303,131,245,4.97,13.67,23.78,121.44,40.0,2021-01-10 03:23:29.579999
21062905300,234,98,225,4.96,71.13,24.53,122.18,102.0,2021-06-29 05:30:56.149999
21061107360,320,141,207,4.94,10.78,23.89,121.52,50.0,2021-06-11 07:36:43.990000
21071523290,318,141,153,4.94,6.68,23.97,121.6,39.0,2021-07-15 23:29:26.699999
21040713190,254,106,215,4.94,17.38,23.85,121.46,35.0,2021-04-07 13:19:36.020000
20070903240,341,172,270,4.93,29.38,24.15,121.68,66.0,2020-07-09 03:24:23.309999
21083122270,260,112,231,4.93,13.74,23.27,120.71,23.0,2021-08-31 22:27:56.710000
21110918230,336,150,277,4.92,20.56,24.04,122.25,64.0,2021-11-09 18:24:15.339999
20022605340,394,213,317,4.91,26.53,23.88,121.62,95.0,2020-02-26 05:34:15.140000
20092303590,311,150,263,4.9,32.81,23.32,121.5,121.0,2020-09-23 04:00:02.009999
20053013020,354,188,289,4.89,17.53,24.1,121.55,53.0,2020-05-30 13:02:30.690000
20111801220,270,108,260,4.89,102.26,24.57,122.72,144.0,2020-11-18 01:22:56.100000
21062305400,315,142,221,4.88,23.63,24.07,121.5,28.0,2021-06-23 05:40:24.719999
20061623160,306,138,283,4.88,61.44,24.63,121.97,93.0,2020-06-16 23:17:00.060000
21042914321,163,67,54,4.88,29.54,21.87,121.66,257.0,2021-04-29 14:35:41.030000
20010606530,421,255,351,4.87,7.78,23.38,120.26,29.0,2020-01-06 06:53:55.450000
20101215380,381,212,276,4.87,10.92,24.51,121.9,79.0,2020-10-12 15:39:44.399999
20040823480,379,190,269,4.86,25.93,24.26,121.86,72.0,2020-04-08 23:49:19.559999
20111618370,286,123,98,4.86,37.84,21.6,121.03,251.0,2020-11-16 18:37:46.649999
21010213260,276,117,228,4.86,25.62,24.09,122.28,148.0,2021-01-02 13:26:47.289999
21113023170,248,105,197,4.86,22.91,22.92,121.61,64.0,2021-11-30 23:17:46.920000
21082310560,246,102,187,4.86,7.46,24.76,122.26,134.0,2021-08-23 10:56:38.460000
21091005450,255,109,208,4.85,45.38,23.86,122.06,43.0,2021-09-10 05:45:03.500000
21030901060,212,87,148,4.85,23.94,21.88,121.52,244.0,2021-03-09 01:07:09.140000
20021905270,342,176,256,4.84,9.42,23.87,121.55,95.0,2020-02-19 05:27:45.100000
20062707110,290,121,260,4.84,28.13,23.96,122.61,165.0,2020-06-27 07:11:28.660000
21071523040,314,141,145,4.82,7.36,23.98,121.59,54.0,2021-07-15 23:05:04.360000
20081101000,292,134,270,4.81,73.88,24.72,121.93,82.0,2020-08-11 01:01:05.940000
20022501000,317,132,299,4.81,76.66,24.54,122.15,107.0,2020-02-25 01:00:14.949999
20020711570,283,124,254,4.81,58.29,24.3,122.09,65.0,2020-02-07 11:57:39.189999
21042722100,258,112,202,4.81,1.56,23.15,120.92,41.0,2021-04-27 22:10:51.899999
20040800070,301,118,260,4.8,52.15,24.31,122.66,149.0,2020-04-08 00:07:40.240000
20021321380,292,124,213,4.79,26.34,22.4,121.38,106.0,2020-02-13 21:38:41.630000
20121013270,276,114,255,4.79,73.32,24.72,122.01,99.0,2020-12-10 13:27:31.170000
21082211510,252,108,215,4.79,13.92,23.16,120.58,39.0,2021-08-22 11:52:01.770000
21042914320,206,86,68,4.78,30.02,21.82,121.7,252.0,2021-04-29 14:32:58.289999
20062905080,353,171,285,4.77,41.98,23.87,121.62,97.0,2020-06-29 05:08:33.780000
21090210560,297,131,141,4.77,4.12,23.18,120.54,23.0,2021-09-02 10:56:58.859999
21022420080,243,102,227,4.77,59.48,24.69,121.98,96.0,2021-02-24 20:09:07.940000
21061609270,224,91,206,4.77,97.64,24.77,122.28,142.0,2021-06-16 09:27:42.200000
21071417000,243,105,186,4.76,7.72,23.93,121.59,39.0,2021-07-14 17:00:44.079999
20061200210,305,143,238,4.75,31.42,24.01,121.69,87.0,2020-06-12 00:21:35.340000
21070515120,260,112,206,4.75,21.98,23.88,121.45,25.0,2021-07-05 15:12:31.850000
21062809080,260,111,215,4.75,18.45,23.87,121.45,26.0,2021-06-28 09:08:18.239999
20070904120,297,136,252,4.74,28.74,24.15,121.67,69.0,2020-07-09 04:12:03.330000
21080611390,289,128,145,4.74,5.83,23.16,121.29,47.0,2021-08-06 11:39:13.380000
20110223140,267,114,217,4.73,25.22,24.1,122.27,142.0,2020-11-02 23:14:21.710000
20090208440,297,142,261,4.72,32.23,22.76,121.21,62.0,2020-09-02 08:44:39.710000
20102601070,274,129,255,4.72,63.65,24.58,121.84,50.0,2020-10-26 01:08:03.919999
20032004110,293,114,194,4.72,38.81,24.29,122.12,73.0,2020-03-20 04:11:17.910000
20092023540,260,110,215,4.72,9.44,22.43,121.58,146.0,2020-09-20 23:54:48.219999
20081903130,312,161,277,4.71,10.88,23.22,120.39,27.0,2020-08-19 03:13:31.859999
21041616210,270,114,252,4.71,29.78,23.98,122.06,118.0,2021-04-16 16:21:51.159999
20101715050,409,243,285,4.7,15.0,23.28,120.38,22.0,2020-10-17 15:05:59.630000
21031211540,274,116,230,4.7,45.84,21.98,120.49,194.0,2021-03-12 11:54:59.520000
21072922540,231,96,181,4.69,4.78,23.84,121.58,42.0,2021-07-29 22:55:17.289999
21070713370,280,119,219,4.68,9.1,23.89,121.57,35.0,2021-07-07 13:38:27.769999
21102806480,270,113,245,4.67,63.99,24.56,121.78,27.0,2021-10-28 06:49:05.860000
21122110590,239,105,202,4.67,10.09,23.12,120.52,48.0,2021-12-21 10:59:30.780000
20081105290,238,98,127,4.66,47.39,21.76,121.2,232.0,2020-08-11 05:29:56.369999
20052819340,461,281,405,4.65,14.0,23.65,120.76,21.0,2020-05-28 19:34:23.089999
21050721240,286,123,175,4.65,3.61,22.73,120.82,51.0,2021-05-07 21:24:15.550000
21070610260,280,120,210,4.65,10.12,23.88,121.52,26.0,2021-07-06 10:26:35.039999
21041607270,194,79,142,4.65,33.7,23.3,121.47,130.0,2021-04-16 07:28:15.029999
21071322511,145,65,91,4.65,8.28,23.94,121.59,123.0,2021-07-13 22:53:08.019999
21071323130,271,118,183,4.64,7.98,23.95,121.61,47.0,2021-07-13 23:14:30.030000
21081907500,277,117,185,4.64,6.38,23.94,121.63,45.0,2021-08-19 07:50:55.670000
21072611390,225,94,191,4.64,8.67,24.01,121.62,49.0,2021-07-26 11:40:11.169999
20070816540,306,138,260,4.63,23.21,23.25,121.27,38.0,2020-07-08 16:54:32.920000
20010819060,317,152,258,4.62,40.24,23.91,121.64,99.0,2020-01-08 19:06:42.369999
21102404380,282,120,217,4.62,25.82,24.05,121.65,38.0,2021-10-24 04:38:51.960000
21071403360,263,110,180,4.62,8.58,23.96,121.59,53.0,2021-07-14 03:36:33.100000
21080421530,158,66,63,4.62,13.81,24.78,122.24,159.0,2021-08-04 21:53:24.199999
21032521300,279,115,199,4.61,30.91,22.62,121.29,84.0,2021-03-25 21:30:23.399999
21112823110,265,114,193,4.61,32.24,24.19,121.67,30.0,2021-11-28 23:11:27.640000
21083009460,281,122,246,4.6,62.41,24.65,121.99,97.0,2021-08-30 09:47:25.940000
20051722530,319,143,250,4.59,31.26,24.03,121.69,80.0,2020-05-17 22:53:30.030000
21091510500,289,123,193,4.59,20.61,23.16,121.39,44.0,2021-09-15 10:50:53.539999
21110711230,289,123,250,4.59,46.6,24.32,121.68,25.0,2021-11-07 11:23:16.559999
21112521140,224,96,193,4.59,68.62,21.98,121.28,103.0,2021-11-25 21:15:08.089999
20100502040,315,144,236,4.58,6.57,23.2,120.82,17.0,2020-10-05 02:05:05.969999
20092507060,301,132,273,4.58,32.46,23.6,121.86,139.0,2020-09-25 07:06:21.609999
21041814111,13,8,10,4.58,13.47,23.89,121.44,76.0,2021-04-18 14:11:58.549999
21090404370,235,96,170,4.57,29.53,24.4,121.96,70.0,2021-09-04 04:37:08.710000
21041004470,284,118,129,4.56,22.9,22.68,121.32,67.0,2021-04-10 04:47:21.920000
20063012170,284,117,217,4.56,38.64,23.18,121.58,116.0,2020-06-30 12:17:12.390000
21040800280,227,91,194,4.56,67.96,24.69,122.03,98.0,2021-04-08 00:28:21.239999
20081900320,299,143,249,4.55,10.99,23.23,120.39,27.0,2020-08-19 00:33:01.770000
20042115010,307,129,260,4.55,38.55,24.08,121.75,82.0,2020-04-21 15:02:11.609999
21102310320,288,124,235,4.55,26.49,24.08,121.65,47.0,2021-10-23 10:32:38.420000
21080300050,210,85,184,4.55,106.91,24.86,121.9,72.0,2021-08-03 00:05:31.600000
21110805030,273,117,220,4.54,26.04,23.83,121.94,49.0,2021-11-08 05:03:08.859999
21040909100,243,100,199,4.54,104.68,24.83,122.08,152.0,2021-04-09 09:10:26.100000
21041418090,217,89,138,4.54,14.67,24.83,122.02,107.0,2021-04-14 18:09:36.979999
20021911540,378,177,316,4.53,17.35,23.99,121.0,18.0,2020-02-19 11:55:07.960000
20022412100,364,169,269,4.51,8.19,23.83,121.55,96.0,2020-02-24 12:10:33.359999
21121820020,247,110,192,4.51,22.25,22.96,121.36,51.0,2021-12-18 20:02:49.130000
20123117410,256,107,223,4.51,65.16,24.53,121.79,49.0,2020-12-31 17:42:02.980000
20050905450,290,125,234,4.5,42.44,23.85,121.69,106.0,2020-05-09 05:45:16.670000
21021404240,289,121,227,4.5,41.34,23.14,121.47,127.0,2021-02-14 04:25:04.540000
21061105140,227,94,173,4.5,9.9,23.89,121.52,89.0,2021-06-11 05:14:22.149999
20092819040,289,131,145,4.49,10.97,22.39,121.02,66.0,2020-09-28 19:05:08.099999
21021110390,282,120,234,4.49,42.56,23.37,121.34,56.0,2021-02-11 10:39:40.359999
20121418450,274,113,230,4.49,67.8,24.72,122.02,104.0,2020-12-14 18:45:33.200000
21052219570,257,109,223,4.49,22.68,23.88,121.46,26.0,2021-05-22 19:57:43.649999
20122900410,223,90,208,4.49,106.45,24.86,122.23,143.0,2020-12-29 00:41:37.299999
21102310020,276,117,245,4.47,37.25,23.75,121.98,51.0,2021-10-23 10:03:05.980000
20101914030,274,115,249,4.46,63.63,24.53,122.27,106.0,2020-10-19 14:03:58.789999
21120108560,233,97,160,4.46,19.33,22.92,121.62,67.0,2021-12-01 08:57:05.019999
21071811250,318,139,147,4.45,8.28,24.03,121.61,35.0,2021-07-18 11:25:42.810000
21060922420,227,92,172,4.45,11.97,23.91,121.54,36.0,2021-06-09 22:42:31.510000
21071523330,200,82,155,4.45,8.69,23.98,121.6,75.0,2021-07-15 23:33:29.489999
20101701160,273,120,241,4.44,39.29,24.02,121.68,85.0,2020-10-17 01:16:34.969999
21020722160,233,100,167,4.44,27.2,24.39,121.97,73.0,2021-02-07 22:16:55.829999
21042110550,197,80,153,4.44,10.31,24.78,122.27,115.0,2021-04-21 10:55:58.159999
21030901120,244,99,190,4.43,18.17,21.84,121.49,191.0,2021-03-09 01:13:32.200000
20061418090,332,150,244,4.42,40.34,24.4,121.64,43.0,2020-06-14 18:10:08.320000
20042711160,323,137,215,4.42,2.7,23.11,120.91,34.0,2020-04-27 11:16:48.689999
21081719220,264,113,211,4.42,34.44,23.72,121.09,21.0,2021-08-17 19:22:31.829999
21080921490,225,95,146,4.42,13.43,23.11,121.31,40.0,2021-08-09 21:50:01.720000
20013106090,219,93,118,4.42,12.45,24.84,122.06,115.0,2020-01-31 06:09:38.640000
21012303450,210,87,141,4.42,8.95,22.53,120.98,64.0,2021-01-23 03:45:32.090000
20122823400,275,112,223,4.41,62.2,24.54,121.96,74.0,2020-12-28 23:40:11.099999
21100307440,196,79,149,4.41,6.98,24.78,122.24,129.0,2021-10-03 07:44:40.130000
20112615540,313,140,298,4.4,78.15,24.69,121.92,85.0,2020-11-26 15:54:51.600000
20042711580,285,126,176,4.4,2.43,23.11,120.92,38.0,2020-04-27 11:58:53.950000
20061418151,110,45,0,4.4,5.42,24.9,123.24,120.0,2020-06-14 18:15:09.949999
21042007590,239,101,210,4.39,16.88,23.59,120.73,21.0,2021-04-20 07:59:40.990000
20123022300,191,79,133,4.39,9.4,22.44,121.04,80.0,2020-12-30 22:30:39.229999
20020215480,258,106,190,4.38,89.98,24.83,121.9,51.0,2020-02-02 15:48:10.429999
20060814340,233,99,164,4.38,29.54,22.53,121.11,79.0,2020-06-08 14:34:16.440000
21080513230,219,89,132,4.38,11.45,24.79,122.24,128.0,2021-08-05 13:23:19.769999
20083101210,276,112,237,4.37,35.54,23.76,121.61,102.0,2020-08-31 01:21:40.460000
21040716280,270,112,215,4.37,28.44,24.39,121.95,69.0,2021-04-07 16:28:45.289999
20092619050,258,109,162,4.37,19.41,22.39,121.39,106.0,2020-09-26 19:05:28.629999
21071523293,250,106,126,4.37,8.82,23.97,121.6,78.0,2021-07-15 23:31:46.289999
21080421540,150,65,80,4.37,10.77,24.77,122.28,155.0,2021-08-04 21:54:33.670000
20110712010,325,151,175,4.36,11.15,24.5,121.9,79.0,2020-11-07 12:01:31.679999
21050422420,250,107,182,4.36,33.16,22.9,121.37,110.0,2021-05-04 22:42:56.250000
20113001570,264,115,158,4.35,85.3,24.82,121.55,24.0,2020-11-30 01:57:12.130000
21031412240,266,113,197,4.35,40.68,22.12,120.36,187.0,2021-03-14 12:25:05.070000
20031501520,312,160,277,4.34,13.26,23.14,120.57,48.0,2020-03-15 01:52:59.710000
20062623340,329,145,228,4.34,4.94,23.05,120.84,30.0,2020-06-26 23:34:45.109999
21061108530,291,125,155,4.34,10.94,23.87,121.56,37.0,2021-06-11 08:53:47.509999
20052909290,286,119,230,4.34,3.92,23.23,120.81,26.0,2020-05-29 09:29:39.140000
21052221340,275,116,204,4.34,31.25,24.45,121.94,76.0,2021-05-22 21:34:42.840000
21010520090,265,114,229,4.34,13.62,23.79,121.45,39.0,2021-01-05 20:09:26.910000
21010520110,233,98,212,4.34,14.07,23.79,121.44,38.0,2021-01-05 20:11:23.100000
21103116230,233,97,200,4.34,67.25,24.58,121.79,32.0,2021-10-31 16:23:15.820000
20012810050,325,182,293,4.33,14.51,23.22,120.51,26.0,2020-01-28 10:05:53.759999
21070619210,240,101,162,4.33,6.86,23.9,121.57,35.0,2021-07-06 19:21:45.549999
21070711390,224,88,183,4.33,9.52,23.9,121.59,58.0,2021-07-07 11:39:12.949999
21071322512,170,76,85,4.33,7.79,23.93,121.62,87.0,2021-07-13 22:53:49.520000
21080720240,293,131,230,4.32,12.04,23.22,120.72,23.0,2021-08-07 20:24:31.839999
20101112390,272,117,230,4.32,40.26,23.92,121.67,92.0,2020-10-11 12:39:10.529999
21090716180,241,99,166,4.32,25.46,24.48,122.02,76.0,2021-09-07 16:19:11.009999
20081900410,289,135,235,4.31,10.64,23.23,120.39,27.0,2020-08-19 00:41:51.490000
21081915340,271,117,184,4.31,4.73,23.96,121.62,40.0,2021-08-19 15:34:33.369999
21050801040,267,115,172,4.31,4.06,22.74,120.82,49.0,2021-05-08 01:04:32.299999
21031620130,260,105,204,4.31,23.91,24.39,121.92,69.0,2021-03-16 20:13:13.669999
21020610270,274,116,168,4.3,15.05,22.55,120.97,56.0,2021-02-06 10:27:23.589999
21071412550,269,114,160,4.3,9.27,23.97,121.59,53.0,2021-07-14 12:55:33.159999
20092719220,261,109,162,4.3,16.53,22.39,121.35,101.0,2020-09-27 19:22:15.869999
21061302390,253,109,194,4.3,41.06,23.86,121.63,34.0,2021-06-13 02:39:11.070000
21030812240,258,106,176,4.3,13.85,24.77,122.27,125.0,2021-03-08 12:25:05.820000
20081908160,295,135,200,4.29,7.48,22.62,121.0,59.0,2020-08-19 08:17:18.960000
21080612280,287,123,198,4.29,6.11,23.16,121.29,36.0,2021-08-06 12:28:52.640000
21102418170,255,110,150,4.29,25.97,22.79,120.45,43.0,2021-10-24 18:17:22.390000
21102406040,239,101,225,4.28,63.39,24.57,121.79,30.0,2021-10-24 06:05:11.460000
21100620210,236,99,208,4.28,20.91,23.91,121.46,24.0,2021-10-06 20:21:43.490000
21081915120,288,125,165,4.27,7.6,23.95,121.63,46.0,2021-08-19 15:12:51.140000
21051905000,198,87,44,4.27,12.35,24.8,121.9,63.0,2021-05-19 05:00:28.350000
21080209130,198,83,134,4.27,21.29,22.67,121.44,48.0,2021-08-02 09:13:18.739999
21072611391,38,18,23,4.27,8.98,24.0,121.61,157.0,2021-07-26 11:39:59.369999
20101712070,287,150,238,4.26,13.6,23.28,120.38,22.0,2020-10-17 12:07:55.869999
21080611370,292,126,125,4.26,7.57,23.14,121.29,37.0,2021-08-06 11:37:30.609999
20021519160,249,112,211,4.26,9.09,23.84,121.52,75.0,2020-02-15 19:16:32.979999
21020815330,229,93,72,4.26,14.48,24.17,118.79,101.0,2021-02-08 15:34:00.910000
21090211090,293,129,191,4.25,4.34,23.17,120.53,23.0,2021-09-02 11:09:24.379999
20091905010,254,112,202,4.25,5.65,22.93,120.88,26.0,2020-09-19 05:01:55.299999
21080611391,222,98,129,4.25,6.7,23.16,121.29,54.0,2021-08-06 11:40:15.060000
20021905271,102,69,76,4.25,9.63,23.88,121.52,83.0,2020-02-19 05:28:11.900000
20090419520,297,129,237,4.23,6.72,23.2,120.82,17.0,2020-09-04 19:52:10.730000
21032417020,275,117,178,4.23,18.03,22.84,121.28,67.0,2021-03-24 17:02:51.299999
21021712070,273,114,155,4.23,7.5,22.97,121.2,42.0,2021-02-17 12:07:37.729999
20122600280,228,97,188,4.23,34.92,22.64,120.41,41.0,2020-12-26 00:28:46.539999
21071400100,221,89,134,4.23,5.77,23.95,121.61,51.0,2021-07-14 00:11:57.649999
20021320240,297,126,239,4.22,32.71,23.65,121.63,117.0,2020-02-13 20:25:06.910000
20062113190,250,111,188,4.21,2.76,23.04,120.83,23.0,2020-06-21 13:19:12.550000
21012808040,232,95,154,4.21,9.01,22.54,120.97,61.0,2021-01-28 08:05:04.339999
21121206160,226,94,163,4.21,40.08,24.19,122.14,52.0,2021-12-12 06:16:13.970000
20100319460,378,200,301,4.2,27.24,24.21,120.83,19.0,2020-10-03 19:46:24.420000
21061108550,225,96,124,4.2,10.65,23.87,121.56,93.0,2021-06-11 08:55:20.010000
20042213030,258,107,171,4.19,3.34,23.11,120.91,37.0,2020-04-22 13:03:53.329999
20102303520,226,97,178,4.19,36.22,22.71,121.34,65.0,2020-10-23 03:52:16.190000
21102303240,237,97,159,4.19,4.61,24.1,121.81,49.0,2021-10-23 03:24:58.070000
20072521330,342,178,282,4.18,25.61,24.02,120.75,19.0,2020-07-25 21:33:58.939999
20022512260,336,150,254,4.18,5.27,24.38,121.41,36.0,2020-02-25 12:27:03.160000
20092310200,279,119,231,4.18,33.41,23.21,121.53,107.0,2020-09-23 10:20:24.429999
21042720270,276,118,177,4.18,1.01,23.16,120.92,26.0,2021-04-27 20:27:47.399999
21012408320,259,110,197,4.18,31.77,22.76,120.41,38.0,2021-01-24 08:33:26.789999
21072915210,258,110,204,4.18,19.4,23.92,121.45,25.0,2021-07-29 15:21:17.769999
21051817540,252,108,163,4.18,33.82,22.59,121.36,54.0,2021-05-18 17:54:39.880000
20062316250,244,100,191,4.18,6.51,24.09,121.83,77.0,2020-06-23 16:25:19.309999
21080705430,226,95,165,4.18,6.57,24.76,122.27,159.0,2021-08-07 05:43:58.810000
21010809030,213,87,116,4.18,12.84,21.99,121.52,188.0,2021-01-08 09:04:16.039999
21050613470,198,83,153,4.18,35.57,22.16,121.32,130.0,2021-05-06 13:48:01.720000
21120716440,259,109,209,4.16,32.74,23.38,121.44,37.0,2021-12-07 16:45:48.670000
20021307440,225,106,179,4.16,32.84,22.67,120.68,36.0,2020-02-13 07:44:06.469999
20082813030,244,106,144,4.16,19.86,22.44,120.96,61.0,2020-08-28 13:03:32.329999
20082923110,244,101,223,4.16,49.41,23.88,121.72,102.0,2020-08-29 23:11:40.119999
20103012090,235,100,180,4.16,17.86,24.25,121.82,80.0,2020-10-30 12:09:43.130000
21100302450,259,111,197,4.15,24.71,23.31,121.43,41.0,2021-10-03 02:45:30.350000
21120608280,264,110,209,4.15,30.93,24.14,121.67,40.0,2021-12-06 08:29:07.120000
21052900080,254,107,176,4.15,58.25,22.48,121.22,42.0,2021-05-29 00:08:34.640000
21090205410,249,104,178,4.15,6.67,23.01,121.06,24.0,2021-09-02 05:41:17.850000
20071202090,237,96,195,4.15,45.33,24.03,121.55,75.0,2020-07-12 02:09:44.109999
20110413190,263,106,222,4.14,61.09,24.66,121.97,94.0,2020-11-04 13:19:36.859999
21011508520,236,95,206,4.14,72.2,24.73,122.01,111.0,2021-01-15 08:52:26.120000
21042721470,286,120,176,4.13,1.49,23.16,120.92,26.0,2021-04-27 21:48:03.189999
20051414570,286,115,219,4.13,35.26,23.82,121.62,104.0,2020-05-14 14:57:35.750000
20110802440,255,113,142,4.13,7.38,22.61,121.01,61.0,2020-11-08 02:45:00.400000
20052922570,269,108,223,4.13,71.71,24.75,121.61,25.0,2020-05-29 22:58:06.519999
21072910410,240,102,183,4.13,17.77,24.04,121.52,26.0,2021-07-29 10:41:37.850000
20042705510,293,126,221,4.12,26.91,22.87,121.17,73.0,2020-04-27 05:51:41.299999
21111409380,291,122,244,4.12,43.37,23.48,121.57,60.0,2021-11-14 09:38:22.870000
21070723300,269,112,195,4.12,8.39,23.89,121.56,26.0,2021-07-07 23:31:02.910000
20121017310,259,106,232,4.12,68.16,24.67,122.02,105.0,2020-12-10 17:31:46.310000
20050603240,260,103,193,4.12,42.27,23.95,121.67,91.0,2020-05-06 03:25:08.679999
21071323020,229,95,146,4.12,8.21,23.94,121.58,62.0,2021-07-13 23:02:40.909999
20052422311,53,28,46,4.12,26.34,24.34,121.94,146.0,2020-05-24 22:32:14.580000
20051916500,274,125,241,4.11,9.99,23.11,120.52,49.0,2020-05-19 16:50:49.170000
20081119500,288,123,231,4.11,31.17,22.78,121.31,67.0,2020-08-11 19:50:20.239999
20070413310,294,120,248,4.11,29.36,23.87,121.11,30.0,2020-07-04 13:31:32.299999
20100608370,214,96,181,4.11,10.29,23.15,121.2,43.0,2020-10-06 08:37:35.320000
21071323050,231,95,169,4.11,8.97,23.91,121.58,49.0,2021-07-13 23:06:58.350000
21072300100,211,88,114,4.11,31.34,21.98,121.12,113.0,2021-07-23 00:11:21.879999
21042723340,265,110,170,4.1,1.66,23.14,120.93,30.0,2021-04-27 23:35:12.699999
21040205500,249,102,169,4.1,24.58,22.5,121.07,77.0,2021-04-02 05:50:56.380000
21010706000,177,72,126,4.1,19.93,24.43,121.89,83.0,2021-01-07 06:01:30.710000
21071614130,175,72,71,4.1,7.38,24.0,121.59,45.0,2021-07-16 14:14:01.090000
21061107331,19,9,13,4.1,8.43,23.88,121.49,66.0,2021-06-11 07:34:10.349999
20022013160,304,135,222,4.09,10.16,23.87,121.55,93.0,2020-02-20 13:16:15.789999
21061415440,267,113,204,4.09,11.8,23.89,121.52,22.0,2021-06-14 15:44:52.630000
21041201080,263,109,198,4.09,30.17,24.01,121.68,104.0,2021-04-12 01:08:08.390000
20010211330,252,106,188,4.09,83.83,24.83,121.69,23.0,2020-01-02 11:33:25.699999
21081306230,204,84,135,4.09,4.04,23.85,121.63,36.0,2021-08-13 06:23:17.030000
21100703280,136,57,79,4.09,3.12,22.43,121.12,64.0,2021-10-07 03:28:16.899999
21042822300,262,111,209,4.08,18.65,23.93,121.48,47.0,2021-04-28 22:30:16.859999
21102702200,244,100,204,4.08,63.33,24.57,121.77,28.0,2021-10-27 02:20:07.099999
20053000580,218,95,191,4.08,24.63,22.73,120.41,53.0,2020-05-30 00:58:28.609999
21041416341,202,85,40,4.08,17.74,21.97,121.57,235.0,2021-04-14 16:36:48.359999
21072400120,121,51,79,4.08,16.0,22.07,120.99,82.0,2021-07-24 00:13:11.289999
21080611200,253,105,165,4.07,5.11,23.16,121.29,51.0,2021-08-06 11:20:59.570000
20041011520,299,121,222,4.06,18.16,23.9,121.72,94.0,2020-04-10 11:52:28.649999
21050804340,276,117,221,4.06,19.65,23.93,121.46,45.0,2021-05-08 04:35:02.310000
21031412300,276,114,198,4.06,26.1,23.17,121.43,103.0,2021-03-14 12:30:39.850000
21022017570,270,108,216,4.06,21.15,24.08,121.52,40.0,2021-02-20 17:58:12.550000
20122306460,267,107,227,4.06,61.94,24.54,121.56,27.0,2020-12-23 06:47:08.300000
21102609200,200,84,179,4.06,42.11,23.21,121.57,50.0,2021-10-26 09:21:16.280000
21071323132,15,8,14,4.06,9.35,23.95,121.62,181.0,2021-07-13 23:14:45.149999
20070423280,308,141,225,4.05,16.71,24.24,121.65,76.0,2020-07-04 23:28:15.640000
20050613000,281,116,202,4.05,15.22,24.17,121.66,91.0,2020-05-06 13:00:33.640000
21020823350,249,103,204,4.05,46.79,23.92,121.67,94.0,2021-02-08 23:35:44.579999
21042103010,234,99,190,4.05,14.68,23.82,121.44,39.0,2021-04-21 03:01:47.789999
21102419420,203,88,129,4.05,23.87,22.89,121.34,44.0,2021-10-24 19:42:46.299999
21052704140,148,58,19,4.05,20.33,24.96,122.42,221.0,2021-05-27 04:14:31.390000
20101621060,301,160,254,4.04,17.42,23.08,120.24,85.0,2020-10-16 21:06:38.840000
20040202520,242,108,187,4.04,10.22,23.09,120.46,49.0,2020-04-02 02:52:23.609999
20012716120,249,105,206,4.04,33.17,22.65,120.63,36.0,2020-01-27 16:12:31.649999
20071420400,246,101,204,4.04,38.23,24.46,121.72,33.0,2020-07-14 20:40:50.859999
21071818400,232,96,165,4.04,8.32,23.94,121.58,25.0,2021-07-18 18:40:46.969999
21051308380,211,88,159,4.04,38.54,23.07,121.47,59.0,2021-05-13 08:38:17.500000
21030801380,247,103,168,4.03,20.4,23.24,121.38,91.0,2021-03-08 01:39:33.310000
21071403180,233,98,149,4.03,7.04,23.97,121.6,49.0,2021-07-14 03:18:47.539999
20121901160,215,87,159,4.03,29.88,23.95,121.64,93.0,2020-12-19 01:17:04.580000
21081306231,132,54,104,4.03,4.97,23.86,121.61,109.0,2021-08-13 06:23:55.969999
20092822170,247,106,73,4.02,13.28,22.36,121.0,56.0,2020-09-28 22:17:33.399999
20062318370,258,105,233,4.02,45.66,23.83,121.73,113.0,2020-06-23 18:37:40.979999
21101503300,248,104,205,4.02,56.82,24.62,121.88,68.0,2021-10-15 03:31:00.270000
20013108240,246,97,160,4.02,9.89,24.84,122.04,120.0,2020-01-31 08:24:40.570000
21010815260,234,94,197,4.02,24.18,24.42,121.9,72.0,2021-01-08 15:27:02.930000
21062007030,226,93,162,4.02,9.82,24.55,121.83,67.0,2021-06-20 07:03:56.420000
20070708020,7,7,7,4.02,5.07,23.05,120.84,,2020-07-07 08:03:06.610000
20020716010,260,123,193,4.01,20.48,24.22,121.62,62.0,2020-02-07 16:01:25.679999
20071921060,244,108,224,4.01,26.2,23.95,120.65,17.0,2020-07-19 21:06:14.500000
21032922060,226,90,99,4.01,13.72,24.81,122.02,129.0,2021-03-29 22:06:54.789999
20120208460,149,60,105,4.01,31.3,22.18,120.69,143.0,2020-12-02 08:46:52.270000
20080823240,299,137,203,4.0,10.13,22.98,121.04,35.0,2020-08-08 23:24:30.469999
20021520130,277,124,211,4.0,8.57,23.83,121.55,88.0,2020-02-15 20:13:47.850000
20021520490,277,118,240,4.0,8.23,23.83,121.54,90.0,2020-02-15 20:50:04.809999
21020412060,275,115,185,4.0,7.33,23.16,120.7,28.0,2021-02-04 12:06:48.320000
21091017390,267,114,207,4.0,8.67,23.78,121.48,26.0,2021-09-10 17:39:45.149999
20062207470,243,104,196,4.0,4.26,23.02,120.82,32.0,2020-06-22 07:48:22.980000
21013110110,246,101,203,4.0,38.7,22.99,121.35,114.0,2021-01-31 10:12:02.439999
21081202080,178,77,144,4.0,13.02,23.22,120.71,25.0,2021-08-12 02:08:55.219999
20031206060,267,110,197,3.99,9.81,23.85,121.55,96.0,2020-03-12 06:07:06.570000
21062509430,251,108,146,3.99,19.43,22.84,121.29,42.0,2021-06-25 09:43:41.450000
21052911260,240,98,197,3.99,18.98,23.95,121.48,27.0,2021-05-29 11:27:54.490000
21061108590,228,93,142,3.99,5.06,23.02,121.06,32.0,2021-06-11 08:59:18.530000
21040508120,205,89,193,3.99,19.36,22.84,120.66,30.0,2021-04-05 08:12:52.719999
20120305350,164,80,150,3.99,17.81,22.92,120.15,124.0,2020-12-03 05:35:29.839999
21021019530,279,117,218,3.98,7.01,23.15,120.72,28.0,2021-02-10 19:53:54.640000
21030918590,278,115,253,3.98,54.37,24.33,121.67,71.0,2021-03-09 18:59:32.659999
20031717220,282,109,212,3.98,33.47,23.67,121.64,112.0,2020-03-17 17:22:11.980000
20101308380,248,106,195,3.98,24.49,24.13,121.53,33.0,2020-10-13 08:38:50.060000
20121013271,93,39,90,3.98,68.01,24.65,122.03,159.0,2020-12-10 13:27:14.330000
20073109180,249,110,212,3.97,15.8,24.0,121.01,23.0,2020-07-31 09:18:35.960000
21071119180,248,103,190,3.97,7.04,23.86,121.58,42.0,2021-07-11 19:18:27.420000
21071619590,239,102,165,3.97,9.5,24.0,121.58,40.0,2021-07-16 19:59:47.740000
21051416030,238,101,193,3.97,20.87,23.83,121.44,25.0,2021-05-14 16:03:19.660000
21020209040,247,99,179,3.97,10.8,24.13,121.68,88.0,2021-02-02 09:04:58.149999
21020120030,213,89,133,3.97,17.69,22.88,121.6,129.0,2021-02-01 20:03:54.079999
21102303161,24,11,14,3.97,24.69,24.07,121.63,179.0,2021-10-23 03:16:53.469999
20110914290,258,114,194,3.96,10.41,23.08,120.52,60.0,2020-11-09 14:29:30.989999
21070311500,230,92,172,3.96,8.83,24.09,121.68,42.0,2021-07-03 11:50:28.960000
21123108000,163,70,107,3.96,8.05,24.05,121.67,90.0,2021-12-31 08:01:14.019999
20020107130,250,104,202,3.95,32.77,24.09,121.72,82.0,2020-02-01 07:13:30.870000
20121111520,227,95,200,3.95,48.48,24.45,121.59,39.0,2020-12-11 11:52:57.979999
21110918233,16,7,4,3.95,22.87,24.12,122.41,197.0,2021-11-09 18:24:51.929999
21071417160,302,132,152,3.94,17.59,23.83,121.44,36.0,2021-07-14 17:16:19.579999
20101116160,269,124,174,3.94,16.76,24.45,121.82,69.0,2020-10-11 16:17:10.099999
21052112340,261,109,210,3.94,53.05,24.23,121.89,39.0,2021-05-21 12:34:32.149999
20010210140,258,106,171,3.94,35.09,23.4,121.49,106.0,2020-01-02 10:14:28.320000
20122715390,248,106,198,3.94,34.17,22.09,121.32,152.0,2020-12-27 15:39:16.359999
21080513080,245,104,187,3.94,38.28,23.78,121.62,35.0,2021-08-05 13:08:44.759999
20012603120,249,102,217,3.94,50.61,23.92,121.68,93.0,2020-01-26 03:12:30.160000
20121615120,226,96,191,3.94,9.03,23.08,120.58,39.0,2020-12-16 15:13:02.810000
20090622220,219,91,178,3.94,16.65,22.87,120.65,28.0,2020-09-06 22:23:12.009999
21032422320,158,64,89,3.94,13.43,24.92,122.04,109.0,2021-03-24 22:33:19.609999
21071523291,107,48,38,3.94,7.67,23.98,121.6,89.0,2021-07-15 23:30:25.269999
21101711230,107,44,65,3.94,33.08,21.88,120.7,138.0,2021-10-17 11:23:33.920000
20022515390,333,145,214,3.93,5.26,24.4,121.4,34.0,2020-02-25 15:39:35.829999
21052520510,272,113,218,3.93,19.42,23.95,121.48,26.0,2021-05-25 20:51:27.019999
20062021480,252,109,189,3.93,3.38,23.05,120.83,29.0,2020-06-20 21:48:27.820000
21061208440,249,104,202,3.93,23.61,24.34,121.64,25.0,2021-06-12 08:44:52.390000
21050808130,236,100,145,3.93,4.53,22.75,120.82,33.0,2021-05-08 08:13:12.849999
20102117570,229,96,178,3.93,21.49,24.4,121.88,70.0,2020-10-21 17:57:46.700000
20103009280,228,96,181,3.93,34.76,23.75,121.62,110.0,2020-10-30 09:30:32.560000
21033014160,223,91,125,3.93,32.39,21.91,121.15,206.0,2021-03-30 14:16:42.250000
21060604360,209,88,167,3.93,5.93,23.66,120.72,22.0,2021-06-06 04:38:02.700000
21093015550,184,78,126,3.93,24.25,22.23,121.45,60.0,2021-09-30 15:55:37.149999
20081701140,153,65,120,3.93,5.32,22.8,120.93,39.0,2020-08-17 01:14:49.060000
20021510592,43,25,41,3.93,8.08,23.85,121.52,96.0,2020-02-15 11:01:21.140000
21080611392,62,24,40,3.93,6.4,23.16,121.29,79.0,2021-08-06 11:39:52.359999
20021509040,293,130,224,3.92,9.09,23.85,121.51,54.0,2020-02-15 09:04:57.399999
20051112320,278,129,251,3.92,13.63,23.65,120.76,22.0,2020-05-11 12:32:52.759999
20111323380,255,107,174,3.92,21.51,23.24,121.39,112.0,2020-11-13 23:39:01.750000
21123006450,226,98,164,3.92,23.96,22.96,121.36,46.0,2021-12-30 06:45:39.439999
20010311460,229,94,27,3.92,17.91,22.58,121.29,148.0,2020-01-03 11:47:08.140000
20121706420,202,82,167,3.92,33.84,23.79,121.61,107.0,2020-12-17 06:42:12.880000
21091404500,158,65,91,3.92,12.48,22.14,121.08,84.0,2021-09-14 04:50:13.259999
21071800110,261,114,193,3.91,22.52,23.76,121.44,32.0,2021-07-18 00:11:32.969999
21010408510,260,107,230,3.91,19.68,23.75,121.41,57.0,2021-01-04 08:51:45.549999
20021314440,233,98,185,3.91,7.2,23.17,120.76,38.0,2020-02-13 14:44:21.769999
21020602520,228,91,172,3.91,27.07,24.42,121.91,72.0,2021-02-06 02:52:57.950000
20030405080,218,90,167,3.91,15.91,22.93,120.57,52.0,2020-03-04 05:09:04.250000
21011422380,209,87,143,3.91,9.34,23.17,121.28,53.0,2021-01-14 22:38:58.850000
20092905060,207,85,87,3.91,11.46,22.39,121.02,55.0,2020-09-29 05:07:15.960000
21041416340,202,85,108,3.91,18.63,21.94,121.6,240.0,2021-04-14 16:35:12.080000
21030414241,49,19,26,3.91,19.2,24.79,122.28,165.0,2021-03-04 14:25:59.320000
21071323201,272,115,105,3.9,7.11,23.95,121.61,40.0,2021-07-13 23:21:24.969999
21042421370,247,107,212,3.9,17.72,23.87,121.45,40.0,2021-04-24 21:37:30.530000
21110823320,249,105,165,3.9,12.62,23.16,121.33,37.0,2021-11-08 23:33:04.690000
21081907460,237,99,157,3.9,6.22,23.93,121.62,46.0,2021-08-19 07:46:39.909999
20061010560,211,85,193,3.9,35.41,23.62,121.75,119.0,2020-06-10 10:56:16.339999
21042800080,193,83,148,3.9,2.74,23.16,120.92,45.0,2021-04-28 00:08:54.090000
21021115490,264,113,224,3.89,16.14,22.88,120.62,26.0,2021-02-11 15:50:19.920000
21080611280,263,110,147,3.89,8.1,23.14,121.29,37.0,2021-08-06 11:28:58.500000
21111215050,232,98,190,3.89,17.72,24.23,121.8,48.0,2021-11-12 15:05:26.250000
20122108270,221,92,185,3.89,8.87,23.08,120.57,26.0,2020-12-21 08:27:15.029999
20061005300,189,76,156,3.89,52.98,24.6,121.61,26.0,2020-06-10 05:30:26.929999
21041814145,14,8,7,3.89,12.15,23.83,121.42,101.0,2021-04-18 14:16:07.750000
21041120280,262,112,210,3.88,19.32,23.91,121.07,20.0,2021-04-11 20:29:11.949999
21042505540,244,100,176,3.88,23.92,23.86,121.6,98.0,2021-04-25 05:55:07.540000
21042504510,227,98,195,3.88,9.4,23.5,120.29,39.0,2021-04-25 04:51:46.700000
21101808520,226,93,168,3.88,31.23,24.2,121.66,34.0,2021-10-18 08:52:56.850000
21091115020,185,80,121,3.88,4.23,22.99,121.05,80.0,2021-09-11 15:03:49.229999
20041102530,208,79,165,3.88,54.65,24.6,121.6,41.0,2020-04-11 02:53:13.119999
21021623280,276,117,227,3.87,8.19,24.07,121.08,21.0,2021-02-16 23:28:39.880000
21042019330,258,111,200,3.87,8.51,23.81,121.48,53.0,2021-04-20 19:34:12.740000
21080715260,249,108,188,3.87,5.33,23.85,121.58,53.0,2021-08-07 15:28:01.810000
21101611380,253,108,217,3.87,13.17,23.95,121.01,23.0,2021-10-16 11:38:41.780000
21011113350,212,88,118,3.87,8.17,22.15,121.08,125.0,2021-01-11 13:35:35.420000
21051905005,182,79,47,3.87,10.86,24.8,121.9,66.0,2021-05-19 05:00:24.239999
20092820502,27,13,18,3.87,14.7,22.41,120.97,204.0,2020-09-28 20:51:26.039999
20021905272,16,12,13,3.87,9.2,23.87,121.52,103.0,2020-02-19 05:28:00.620000
21122201070,262,114,221,3.86,19.11,23.9,121.44,27.0,2021-12-22 01:07:48.119999
21042721550,263,112,163,3.86,1.44,23.15,120.92,28.0,2021-04-27 21:56:02.649999
21042612200,246,104,168,3.86,17.14,22.85,120.68,30.0,2021-04-26 12:20:42.780000
21081306360,230,97,166,3.86,4.34,23.86,121.62,57.0,2021-08-13 06:36:51.899999
20032502480,191,77,154,3.86,34.08,23.3,121.46,129.0,2020-03-25 02:48:29.920000
20082717590,233,98,197,3.85,21.1,23.3,121.45,105.0,2020-08-27 17:59:22.570000
21113001440,224,91,152,3.84,22.39,24.46,121.85,77.0,2021-11-30 01:44:55.600000
20032202550,271,110,150,3.83,6.92,24.37,121.42,42.0,2020-03-22 02:55:24.379999
20020400410,236,95,184,3.83,31.2,23.57,121.52,108.0,2020-02-04 00:41:50.649999
20050908500,260,110,154,3.82,13.68,23.12,121.32,48.0,2020-05-09 08:51:09.189999
20081906200,239,104,222,3.82,10.63,23.22,120.39,27.0,2020-08-19 06:21:28.019999
20060713560,236,97,128,3.82,19.79,22.23,121.37,115.0,2020-06-07 13:56:26.039999
20102401260,217,89,159,3.82,37.17,24.51,121.74,26.0,2020-10-24 01:26:40.009999
21041814112,22,11,4,3.82,13.07,23.9,121.39,69.0,2021-04-18 14:12:28.480000
21050113570,299,129,211,3.81,9.27,23.83,121.48,33.0,2021-05-01 13:57:58.609999
20092310500,268,125,153,3.81,10.05,24.74,121.79,49.0,2020-09-23 10:51:02.839999
21020509290,261,109,190,3.81,18.2,23.19,121.37,80.0,2021-02-05 09:29:49.960000
21012520500,233,98,158,3.81,21.94,24.43,121.9,67.0,2021-01-25 20:50:36.750000
21070721300,229,94,178,3.81,8.76,24.1,121.69,42.0,2021-07-07 21:31:14.330000
20071422400,198,82,144,3.81,31.83,22.83,121.26,73.0,2020-07-14 22:41:41.539999
21080611180,147,63,89,3.81,8.27,23.14,121.29,40.0,2021-08-06 11:19:12.689999
20032016290,286,114,160,3.8,21.47,24.35,121.96,68.0,2020-03-20 16:29:55.170000
20022818490,255,103,122,3.8,5.47,24.38,121.4,38.0,2020-02-28 18:49:43.159999
21052900340,212,88,93,3.8,11.57,22.13,120.99,65.0,2021-05-29 00:34:11.609999
21071523296,11,6,8,3.8,10.11,23.97,121.59,98.0,2021-07-15 23:29:47.039999
20030418290,259,107,156,3.79,21.74,22.9,121.33,116.0,2020-03-04 18:29:53.670000
21050117340,242,101,199,3.79,5.51,24.14,121.49,32.0,2021-05-01 17:34:51.649999
21091609510,232,96,192,3.79,49.47,23.81,121.54,29.0,2021-09-16 09:51:17.949999
21040908100,227,90,148,3.79,29.67,24.28,121.7,80.0,2021-04-09 08:10:53.259999
20012121490,206,85,160,3.79,32.91,23.57,121.52,106.0,2020-01-21 21:49:43.359999
20042712281,178,74,116,3.79,5.42,23.09,120.92,40.0,2020-04-27 12:29:02.750000
21071322513,19,9,16,3.79,6.99,23.92,121.62,196.0,2021-07-13 22:53:36.929999
21020710280,245,103,191,3.78,33.15,23.54,121.55,107.0,2021-02-07 10:28:04.879999
20092821380,219,91,117,3.78,12.39,22.37,121.0,56.0,2020-09-28 21:39:25.010000
20070606010,202,83,177,3.78,17.98,22.98,120.55,46.0,2020-07-06 06:01:56.619999
20032310100,195,76,137,3.78,18.71,22.89,121.62,131.0,2020-03-23 10:10:37.140000
21071523490,161,64,75,3.78,8.0,23.98,121.58,40.0,2021-07-15 23:49:30.050000
20031602150,157,62,62,3.78,22.75,21.91,120.97,186.0,2020-03-16 02:15:56.969999
21082322030,269,118,195,3.77,7.54,23.58,120.85,13.0,2021-08-23 22:03:44.929999
21071323240,243,104,116,3.77,7.91,23.97,121.58,71.0,2021-07-13 23:24:26.589999
21071404280,249,102,158,3.77,6.42,23.96,121.6,49.0,2021-07-14 04:28:27.399999
20021415110,233,94,188,3.77,21.56,24.19,121.59,32.0,2020-02-14 15:11:28.210000
21040307300,214,92,163,3.77,15.67,22.88,120.14,125.0,2021-04-03 07:31:17.699999
21102702060,220,92,173,3.77,6.83,23.02,121.05,21.0,2021-10-27 02:06:47.570000
21042215090,203,86,146,3.77,10.47,23.78,121.47,55.0,2021-04-22 15:10:36.159999
21120208350,202,81,155,3.77,8.43,23.74,121.47,43.0,2021-12-02 08:35:20.300000
21122223400,138,58,112,3.77,22.44,23.18,121.43,52.0,2021-12-22 23:40:18.210000
20031620520,257,106,160,3.76,17.77,23.23,121.37,70.0,2020-03-16 20:52:18.019999
21081305180,248,103,151,3.76,4.97,22.84,120.88,21.0,2021-08-13 05:18:59.880000
20092822370,179,72,74,3.76,7.24,22.37,121.06,75.0,2020-09-28 22:38:06.849999
20092912470,247,105,145,3.75,12.39,22.41,121.0,66.0,2020-09-29 12:47:23.370000
21122303500,241,102,159,3.75,33.71,23.33,121.48,39.0,2021-12-23 03:50:07.110000
21122211080,239,99,202,3.75,24.28,23.92,121.7,39.0,2021-12-22 11:08:41.369999
21053107270,231,94,192,3.75,11.52,23.91,121.53,36.0,2021-05-31 07:28:04.160000
20073101410,203,83,131,3.75,23.16,24.39,121.97,73.0,2020-07-31 01:42:04.200000
21030704040,202,83,91,3.75,11.69,22.31,120.97,76.0,2021-03-07 04:04:42.119999
21071404380,157,65,61,3.75,7.57,23.98,121.58,35.0,2021-07-14 04:38:18.710000
21071523042,55,24,38,3.75,20.73,24.86,122.44,183.0,2021-07-15 23:06:29.199999
21042904460,248,100,134,3.74,2.97,23.15,120.91,27.0,2021-04-29 04:46:40.570000
21100707570,239,99,156,3.74,13.81,23.15,121.32,32.0,2021-10-07 07:57:25.329999
20052517200,225,97,125,3.74,10.52,23.42,121.39,71.0,2020-05-25 17:20:47.560000
21063016500,214,89,184,3.74,19.03,23.91,121.47,26.0,2021-06-30 16:51:11.339999
20013109400,203,77,113,3.74,11.42,24.84,122.03,114.0,2020-01-31 09:41:12.750000
21041814142,31,15,24,3.74,15.43,23.87,121.45,50.0,2021-04-18 14:17:02.299999
20102621560,235,102,133,3.73,11.5,24.5,121.91,80.0,2020-10-26 21:57:12.570000
21052300190,234,97,158,3.73,9.38,24.62,121.76,62.0,2021-05-23 00:20:17.190000
21012303560,182,73,129,3.73,8.37,22.54,120.97,63.0,2021-01-23 03:56:18.039999
21051905001,122,50,74,3.73,10.05,24.79,121.88,60.0,2021-05-19 05:02:02.379999
20110218510,235,101,182,3.72,9.16,24.09,120.93,28.0,2020-11-02 18:51:42.100000
21051708040,240,99,168,3.72,20.97,23.9,121.46,25.0,2021-05-17 08:04:44.240000
21070514410,237,99,186,3.72,21.38,23.91,121.46,24.0,2021-07-05 14:41:59.710000
20011115190,207,97,149,3.72,8.37,24.8,121.82,60.0,2020-01-11 15:19:31.780000
21012210000,228,94,173,3.72,27.25,23.93,121.7,89.0,2021-01-22 10:00:21.250000
20031501070,226,93,209,3.72,12.45,23.14,120.57,48.0,2020-03-15 01:08:04.500000
21071322514,159,67,96,3.72,8.07,23.94,121.58,115.0,2021-07-13 22:54:39.890000
21022305390,164,66,116,3.72,6.49,23.0,121.05,72.0,2021-02-23 05:39:59.679999
21110612240,260,114,225,3.71,8.47,23.52,120.69,16.0,2021-11-06 12:24:13.550000
20031608100,249,106,166,3.71,5.71,24.42,121.4,33.0,2020-03-16 08:10:37.670000
20071601000,197,83,174,3.71,24.83,24.08,120.92,34.0,2020-07-16 01:00:54.500000
21092209040,144,59,59,3.71,9.7,24.84,121.96,101.0,2021-09-22 09:05:11.750000
21112400330,270,113,178,3.7,13.68,23.03,121.15,39.0,2021-11-24 00:33:47.619999
20052900220,263,112,229,3.7,14.0,23.64,120.76,21.0,2020-05-29 00:22:48.369999
20110914291,169,75,141,3.7,9.4,23.08,120.53,44.0,2020-11-09 14:30:20.160000
21021321280,239,101,197,3.69,21.8,24.09,121.52,39.0,2021-02-13 21:28:34.270000
21041810360,212,90,160,3.69,36.55,22.67,120.73,40.0,2021-04-18 10:36:39.369999
21080922290,183,77,104,3.69,12.17,23.11,121.3,35.0,2021-08-09 22:29:41.759999
21080810240,167,72,140,3.69,20.21,23.74,121.4,57.0,2021-08-08 10:24:06.379999
21021917540,252,107,159,3.68,11.57,23.04,121.41,118.0,2021-02-19 17:55:14.230000
21012804490,252,104,197,3.68,7.3,23.16,120.7,27.0,2021-01-28 04:50:08.699999
20121518130,229,95,200,3.68,4.2,24.52,121.08,24.0,2020-12-15 18:13:20.230000
21010315090,235,94,175,3.68,10.3,24.74,121.77,65.0,2021-01-03 15:09:37.789999
21071323021,32,16,32,3.68,9.04,23.93,121.58,104.0,2021-07-13 23:03:01.600000
21050214340,242,105,196,3.67,25.76,22.7,120.73,28.0,2021-05-02 14:34:27.519999
20031608150,250,99,160,3.67,5.6,24.42,121.41,36.0,2020-03-16 08:15:25.089999
21052212000,243,99,149,3.67,10.34,24.51,121.89,78.0,2021-05-22 12:01:21.699999
20091806240,219,92,149,3.67,9.7,24.15,121.72,96.0,2020-09-18 06:24:53.710000
20042712280,219,90,129,3.67,3.52,23.1,120.92,38.0,2020-04-27 12:28:25.280000
21021209460,222,89,158,3.67,19.74,24.41,121.76,70.0,2021-02-12 09:47:08.160000
21071523070,202,83,152,3.67,7.77,23.98,121.58,64.0,2021-07-15 23:07:43.750000
20112220500,257,113,147,3.66,10.39,24.5,121.89,78.0,2020-11-22 20:51:05.660000
21051918020,260,113,206,3.66,13.76,23.12,120.48,28.0,2021-05-19 18:02:54.759999
21031413300,259,104,114,3.66,6.22,24.59,121.73,49.0,2021-03-14 13:30:47.079999
20113004460,233,102,138,3.66,10.29,24.09,121.14,24.0,2020-11-30 04:47:09.580000
21041608570,212,88,181,3.66,19.1,24.06,121.52,32.0,2021-04-16 08:58:11.029999
20110422380,202,82,104,3.66,13.81,22.42,121.02,68.0,2020-11-04 22:39:06.169999
21090304170,227,98,127,3.65,3.69,23.18,120.53,23.0,2021-09-03 04:17:40.920000
20100115110,239,112,162,3.64,6.63,22.77,120.86,45.0,2020-10-01 15:11:46.299999
20090521250,256,110,227,3.64,14.14,23.97,121.03,24.0,2020-09-05 21:25:30.870000
20110908260,248,107,195,3.64,10.36,23.09,120.51,47.0,2020-11-09 08:27:37.179999
21071619210,236,101,174,3.64,7.25,23.93,121.59,46.0,2021-07-16 19:22:24.469999
21030512030,230,93,123,3.64,7.59,24.6,121.73,55.0,2021-03-05 12:03:21.780000
20081906201,204,87,181,3.64,10.1,23.22,120.39,26.0,2020-08-19 06:22:18.670000
21071523292,58,28,24,3.64,9.12,23.96,121.61,174.0,2021-07-15 23:30:45.950000
21071523334,31,16,27,3.64,7.76,23.95,121.61,171.0,2021-07-15 23:34:18.859999
20060714200,238,97,173,3.63,21.74,24.41,121.83,69.0,2020-06-07 14:21:09.830000
21053004280,225,92,190,3.63,20.27,23.91,121.45,30.0,2021-05-30 04:28:41.799999
20120106360,185,89,172,3.63,10.66,23.71,120.5,46.0,2020-12-01 06:37:30.550000
20101818040,190,83,114,3.63,26.81,22.6,120.04,169.0,2020-10-18 18:04:16.670000
21080616000,174,76,83,3.63,6.67,23.16,121.29,57.0,2021-08-06 16:01:12.140000
20101715022,68,37,51,3.63,13.47,23.29,120.41,61.0,2020-10-17 15:04:43.200000
21071512390,225,92,140,3.62,8.36,23.98,121.6,36.0,2021-07-15 12:40:27.300000
21081908040,213,89,114,3.62,6.8,23.94,121.61,43.0,2021-08-19 08:04:23.289999
21021416001,200,84,48,3.62,14.55,22.45,121.01,67.0,2021-02-14 16:00:27.089999
21102808280,175,70,134,3.62,25.75,24.08,121.65,39.0,2021-10-28 08:29:16.780000
20110204530,157,67,70,3.62,11.88,22.34,120.99,61.0,2020-11-02 04:53:42.840000
21071811251,45,22,28,3.62,10.48,24.03,121.62,156.0,2021-07-18 11:26:08.650000
21061108531,12,7,11,3.62,10.46,23.86,121.55,129.0,2021-06-11 08:54:04.790000
20110916210,5,5,5,3.62,9.95,23.08,120.51,,2020-11-09 16:21:44.729999
20112301400,220,99,191,3.61,11.72,23.26,120.46,25.0,2020-11-23 01:40:46.609999
20070521470,244,98,186,3.61,19.74,24.26,121.81,78.0,2020-07-05 21:47:49.560000
20020419310,222,93,156,3.61,22.02,24.3,121.62,72.0,2020-02-04 19:31:38.549999
21062801560,222,93,164,3.61,9.24,23.4,121.29,21.0,2021-06-28 01:57:11.800000
20042006040,205,85,168,3.61,16.87,22.85,120.67,28.0,2020-04-20 06:04:23.539999
20082507570,185,79,140,3.61,17.48,24.21,121.63,86.0,2020-08-25 07:57:29.859999
21091503450,171,72,86,3.61,9.18,24.85,121.99,112.0,2021-09-15 03:45:50.590000
21121518410,228,95,191,3.6,18.62,23.87,121.44,28.0,2021-12-15 18:41:10.990000
20011809300,192,78,131,3.6,17.82,24.5,121.87,77.0,2020-01-18 09:30:40.060000
20092509370,177,71,84,3.6,9.31,22.39,121.04,72.0,2020-09-25 09:37:43.090000
21071523491,75,34,60,3.6,8.24,23.98,121.59,67.0,2021-07-15 23:50:05.169999
20031311530,285,113,223,3.59,22.87,24.06,121.5,29.0,2020-03-13 11:54:05.120000
21070711420,227,95,161,3.59,7.73,23.91,121.58,68.0,2021-07-07 11:42:59.250000
21071402180,207,83,123,3.59,7.42,23.96,121.61,113.0,2021-07-14 02:19:19.019999
21071523335,66,30,53,3.59,10.14,23.97,121.6,94.0,2021-07-15 23:35:10.189999
21030114110,245,102,185,3.58,6.74,22.86,120.91,28.0,2021-03-01 14:11:57.920000
21080617080,185,80,88,3.58,6.02,23.18,121.3,40.0,2021-08-06 17:09:00.690000
20032301350,188,77,154,3.58,24.4,24.41,121.67,45.0,2020-03-23 01:36:02.919999
21071409180,190,77,90,3.58,8.22,23.98,121.59,40.0,2021-07-14 09:18:55.270000
20092900340,164,65,81,3.58,11.36,22.39,121.01,56.0,2020-09-29 00:34:55.070000
21012717250,259,102,218,3.57,25.14,24.13,121.53,32.0,2021-01-27 17:25:30.170000
21071323200,221,94,115,3.57,8.16,23.93,121.58,59.0,2021-07-13 23:22:30.870000
21081001190,221,93,136,3.57,16.83,23.1,121.31,52.0,2021-08-10 01:19:50.630000
20101622200,222,92,124,3.57,11.32,24.51,121.9,80.0,2020-10-16 22:21:17.379999
20072217080,198,87,152,3.57,4.05,23.2,120.79,27.0,2020-07-22 17:08:30.390000
21020319140,208,84,151,3.57,8.82,24.46,121.86,85.0,2021-02-03 19:14:25.920000
21121601370,208,83,162,3.57,19.02,24.05,121.51,27.0,2021-12-16 01:38:09.859999
21052501090,192,81,145,3.57,18.37,23.92,121.47,36.0,2021-05-25 01:10:10.019999
21071401500,167,70,109,3.57,21.28,23.91,121.45,28.0,2021-07-14 01:51:00.670000
21102304150,51,22,51,3.57,27.08,24.09,121.64,90.0,2021-10-23 04:16:31.769999
21051811200,249,104,174,3.56,11.33,23.9,121.53,36.0,2021-05-18 11:20:20.050000
21031418370,235,95,144,3.56,6.73,24.6,121.75,58.0,2021-03-14 18:37:18.539999
21071415190,225,93,152,3.56,7.6,23.93,121.58,35.0,2021-07-14 15:19:32.689999
20011616380,207,89,163,3.56,21.55,23.92,121.45,44.0,2020-01-16 16:38:24.940000
21020618470,215,88,91,3.56,7.3,22.15,120.9,106.0,2021-02-06 18:48:09.210000
20011208290,218,85,168,3.56,26.63,23.16,121.43,140.0,2020-01-12 08:29:36.210000
21062719050,193,84,130,3.56,8.85,23.02,121.14,55.0,2021-06-27 19:05:59.869999
21071715360,202,83,113,3.56,7.33,24.05,121.66,45.0,2021-07-17 15:37:03.720000
20100702550,157,67,146,3.56,9.86,23.15,120.54,41.0,2020-10-07 02:55:30.410000
21072202120,140,58,100,3.56,6.87,23.9,121.58,72.0,2021-07-22 02:12:24.500000
21071223401,33,15,27,3.56,8.66,23.94,121.6,163.0,2021-07-12 23:41:35.109999
20051112340,273,114,227,3.55,13.72,23.65,120.75,22.0,2020-05-11 12:35:07.509999
20031605000,265,112,193,3.55,5.4,24.42,121.4,32.0,2020-03-16 05:01:56.759999
20040108550,225,92,159,3.55,9.73,22.98,121.04,53.0,2020-04-01 08:55:34.609999
21110900400,217,92,165,3.55,20.27,23.93,121.47,26.0,2021-11-09 00:40:49.399999
20013101170,204,81,128,3.55,8.54,24.8,121.91,76.0,2020-01-31 01:18:11.259999
20052300160,173,76,126,3.55,11.7,24.45,121.88,77.0,2020-05-23 00:16:27.260000
21071523294,78,37,33,3.55,7.78,23.96,121.6,149.0,2021-07-15 23:31:06.190000
20101715021,63,35,46,3.55,14.56,23.29,120.39,61.0,2020-10-17 15:04:36.579999
21021718381,40,15,32,3.55,16.22,22.23,121.36,114.0,2021-02-17 18:41:27.339999
21080914580,252,108,222,3.54,11.46,23.67,120.9,16.0,2021-08-09 14:58:36.009999
21070712520,239,99,129,3.54,6.37,23.92,121.58,40.0,2021-07-07 12:53:03.720000
21111405160,227,97,164,3.54,20.02,23.94,121.47,25.0,2021-11-14 05:16:48.159999
20052502090,232,93,138,3.54,20.12,24.36,121.96,75.0,2020-05-25 02:09:58.770000
21072319440,202,83,119,3.54,9.49,24.15,121.69,50.0,2021-07-23 19:44:36.049999
20010815210,189,80,152,3.54,14.04,24.33,121.8,114.0,2020-01-08 15:21:23.730000
20080209560,167,70,65,3.54,8.1,22.19,120.79,94.0,2020-08-02 09:56:28.269999
21041814143,70,30,41,3.54,10.64,23.81,121.47,52.0,2021-04-18 14:18:01.850000
21080421561,63,27,12,3.54,10.51,24.76,122.21,150.0,2021-08-04 21:56:10.169999
20121013272,36,15,36,3.54,66.23,24.65,122.02,219.0,2020-12-10 13:26:51.509999
21091300030,262,110,171,3.53,5.9,23.19,121.09,25.0,2021-09-13 00:03:34.179999
20021513180,246,102,176,3.53,7.89,23.87,121.54,92.0,2020-02-15 13:18:58.880000
21010922400,217,89,173,3.53,24.76,24.06,121.64,80.0,2021-01-09 22:40:18.359999
20010713030,213,86,154,3.53,24.3,24.24,121.8,109.0,2020-01-07 13:03:16.760000
20101709400,182,83,137,3.53,32.86,22.78,120.46,43.0,2020-10-17 09:40:04.440000
20050106230,174,75,105,3.53,13.28,24.41,121.84,74.0,2020-05-01 06:23:52.899999
21071223400,160,63,91,3.53,7.88,23.94,121.6,65.0,2021-07-12 23:41:16.140000
20031612080,266,106,154,3.52,6.25,24.4,121.42,39.0,2020-03-16 12:08:20.170000
21051304180,226,92,138,3.52,6.76,23.79,121.61,39.0,2021-05-13 04:18:51.469999
20010817300,214,88,201,3.52,25.43,24.14,121.53,55.0,2020-01-08 17:31:04.179999
21102715000,198,82,77,3.52,23.97,21.95,121.46,104.0,2021-10-27 15:00:50.479999
21040805110,181,73,117,3.52,17.94,24.28,121.82,78.0,2021-04-08 05:11:31.600000
21102304152,102,44,68,3.52,25.48,24.08,121.65,59.0,2021-10-23 04:16:14.939999
21071323022,9,5,9,3.52,10.25,23.91,121.6,136.0,2021-07-13 23:03:11.380000
20030803460,240,100,174,3.51,9.72,23.86,121.54,105.0,2020-03-08 03:46:19.719999
20022511280,231,93,146,3.51,6.3,24.39,121.41,39.0,2020-02-25 11:28:47.570000
21042414550,205,87,156,3.51,8.97,23.79,121.48,55.0,2021-04-24 14:55:23.780000
21092309270,166,67,92,3.51,9.03,23.81,121.51,50.0,2021-09-23 09:28:01.280000
21071700421,129,51,61,3.51,6.49,23.95,121.62,94.0,2021-07-17 00:43:12.880000
21110521350,257,108,211,3.5,19.69,23.92,121.45,25.0,2021-11-05 21:35:48.490000
20101216020,240,100,156,3.5,10.77,24.51,121.9,84.0,2020-10-12 16:03:52.549999
21030107490,213,85,182,3.5,13.82,23.89,121.58,92.0,2021-03-01 07:49:55.859999
20091905011,173,76,99,3.5,6.07,22.93,120.88,42.0,2020-09-19 05:03:29.710000
21070100500,182,76,141,3.5,13.36,23.48,120.58,25.0,2021-07-01 00:50:21.010000
21012723450,182,74,102,3.5,10.47,24.41,121.87,77.0,2021-01-27 23:45:30.890000
21080611160,51,21,39,3.5,7.24,23.16,121.29,86.0,2021-08-06 11:16:46.189999
21100514210,277,124,201,3.49,8.75,23.37,120.49,22.0,2021-10-05 14:21:59.219999
20022716540,265,105,194,3.49,5.55,24.38,121.4,38.0,2020-02-27 16:54:27.640000
21012415060,233,100,178,3.49,26.26,22.62,120.39,46.0,2021-01-24 15:07:08.210000
20122717490,230,96,148,3.49,20.23,22.85,121.31,73.0,2020-12-27 17:49:58.159999
20053103320,214,94,173,3.49,16.46,24.1,121.54,46.0,2020-05-31 03:32:32.149999
21092304200,226,93,188,3.49,15.01,23.72,121.39,43.0,2021-09-23 04:20:20.739999
20071308220,210,89,180,3.49,13.85,23.33,120.41,28.0,2020-07-13 08:22:52.590000
21071322517,174,74,88,3.49,9.02,23.91,121.59,57.0,2021-07-13 22:57:03.459999
21070722111,25,12,23,3.49,9.14,23.89,121.57,121.0,2021-07-07 22:13:34.119999
21051619500,255,108,191,3.48,21.6,23.87,121.44,26.0,2021-05-16 19:50:35.159999
21070213000,223,92,161,3.48,22.18,24.47,121.86,79.0,2021-07-02 13:00:52.359999
21071323051,182,76,128,3.48,6.92,23.92,121.63,114.0,2021-07-13 23:05:42.770000
20062623271,64,27,36,3.48,6.22,23.05,120.83,54.0,2020-06-26 23:28:51.159999
21071323133,10,5,10,3.48,8.93,23.95,121.62,203.0,2021-07-13 23:15:00.120000
20032418060,242,95,138,3.47,5.91,24.38,121.4,38.0,2020-03-24 18:06:45.789999
21070722310,211,87,158,3.47,10.39,23.9,121.57,40.0,2021-07-07 22:31:08.939999
20052302410,198,85,120,3.47,13.62,24.45,121.88,78.0,2020-05-23 02:41:12.250000
20092905320,151,62,55,3.47,12.53,22.37,121.0,65.0,2020-09-29 05:32:45.530000
20092719300,225,94,140,3.46,20.35,24.45,121.94,74.0,2020-09-27 19:31:08.750000
20010815230,210,86,138,3.46,13.75,24.33,121.79,114.0,2020-01-08 15:23:33.939999
20112303040,191,80,136,3.46,15.96,24.05,121.52,32.0,2020-11-23 03:04:52.619999
20021521400,247,103,197,3.45,9.07,23.82,121.55,74.0,2020-02-15 21:40:22.699999
21021719070,238,101,148,3.45,15.47,23.18,121.35,78.0,2021-02-17 19:07:22.079999
21090500540,233,101,171,3.45,12.22,23.26,120.4,22.0,2021-09-05 00:54:27.179999
20022506330,236,95,189,3.45,14.94,23.82,120.99,17.0,2020-02-25 06:33:14.980000
21102712370,220,91,153,3.45,8.73,23.75,121.51,32.0,2021-10-27 12:38:08.130000
21071323360,176,72,147,3.45,8.72,23.93,121.58,47.0,2021-07-13 23:37:34.399999
20031802340,176,71,110,3.45,11.16,24.46,121.84,83.0,2020-03-18 02:35:04.009999
21012303451,19,8,19,3.45,8.85,22.54,120.97,196.0,2021-01-23 03:45:20.750000
20072819090,8,8,8,3.44,6.04,24.19,121.41,,2020-07-28 19:10:12.609999
21070714340,209,86,134,3.43,6.74,23.92,121.59,38.0,2021-07-07 14:35:07.530000
20032609560,249,111,189,3.42,14.58,22.97,120.17,119.0,2020-03-26 09:57:47.979999
20010606590,212,99,161,3.42,8.15,23.38,120.26,27.0,2020-01-06 06:59:39.060000
21071804350,214,87,117,3.42,7.34,23.82,121.54,41.0,2021-07-18 04:35:49.469999
21070709000,201,86,169,3.42,14.42,23.62,120.71,21.0,2021-07-07 09:01:16.570000
21061315140,171,69,120,3.42,7.76,23.89,121.57,68.0,2021-06-13 15:15:13.210000
21042502280,85,33,43,3.42,7.55,23.5,120.29,46.0,2021-04-25 02:28:26.800000
20013110430,8,8,8,3.42,4.53,23.73,121.52,,2020-01-31 10:44:03.879999
21071413520,230,98,161,3.41,7.9,23.95,121.58,47.0,2021-07-14 13:53:05.790000
21051514390,228,95,156,3.41,10.83,24.51,121.9,79.0,2021-05-15 14:39:46.219999
21070712260,215,88,149,3.41,6.58,23.91,121.58,47.0,2021-07-07 12:26:20.210000
21111803370,199,83,134,3.41,21.84,23.89,121.71,39.0,2021-11-18 03:38:04.019999
21061109010,190,77,151,3.41,10.32,23.86,121.57,95.0,2021-06-11 09:01:32.210000
20080321520,172,73,141,3.41,8.47,24.52,121.84,76.0,2020-08-03 21:53:18.559999
20070103240,158,67,117,3.41,9.36,24.2,121.8,114.0,2020-07-01 03:24:48.409999
20110510400,207,84,98,3.4,11.74,24.51,121.89,81.0,2020-11-05 10:40:50.549999
21050209450,208,84,170,3.4,17.78,23.84,121.45,34.0,2021-05-02 09:46:01.570000
21071500450,192,76,133,3.4,7.19,23.98,121.6,77.0,2021-07-15 00:46:33.810000
20031206330,185,73,154,3.4,9.87,23.84,121.54,119.0,2020-03-12 06:34:36.020000
21082402550,173,72,143,3.4,17.61,23.93,121.46,24.0,2021-08-24 02:55:20.469999
20070419130,274,121,225,3.39,7.67,23.48,120.49,21.0,2020-07-04 19:13:57.770000
21070718500,237,98,141,3.39,5.41,23.92,121.59,36.0,2021-07-07 18:50:59.189999
20032605150,206,88,181,3.39,18.19,22.98,120.16,128.0,2020-03-26 05:15:14.710000
21080917360,212,88,127,3.39,15.37,24.44,121.93,75.0,2021-08-09 17:36:51.310000
20090410220,223,87,174,3.39,7.33,24.33,121.08,27.0,2020-09-04 10:23:07.889999
20061700060,177,74,161,3.39,8.73,23.5,120.56,28.0,2020-06-17 00:06:38.960000
21071811252,35,16,30,3.39,9.96,24.04,121.61,158.0,2021-07-18 11:26:24.170000
21071323052,16,7,16,3.39,8.77,23.93,121.57,95.0,2021-07-13 23:07:13.800000
20090503270,220,91,168,3.38,7.59,23.2,120.82,21.0,2020-09-05 03:27:15.560000
21022404150,203,81,144,3.38,24.97,24.33,121.61,69.0,2021-02-24 04:15:50.909999
20021405030,166,73,132,3.38,18.55,23.94,121.46,44.0,2020-02-14 05:03:39.390000
21031111030,162,64,104,3.38,7.16,24.6,121.74,57.0,2021-03-11 11:03:51.780000
21062403040,150,62,107,3.38,11.45,23.79,121.47,50.0,2021-06-24 03:04:37.479999
20032606410,142,61,130,3.38,14.64,22.99,120.16,129.0,2020-03-26 06:41:18.629999
21071322583,45,22,15,3.38,9.25,23.96,121.57,84.0,2021-07-13 23:00:35.460000
21040319440,245,106,191,3.37,7.03,23.41,120.5,21.0,2021-04-03 19:44:33.570000
21052217440,232,95,122,3.37,17.43,24.4,121.89,71.0,2021-05-22 17:44:09.990000
20072216110,224,91,172,3.37,17.74,23.95,121.47,57.0,2020-07-22 16:12:07.530000
21022223280,204,85,171,3.37,10.77,23.31,120.35,28.0,2021-02-22 23:28:48.729999
21012123360,191,79,151,3.37,15.72,23.92,121.47,52.0,2021-01-21 23:37:18.480000
21021416000,184,76,66,3.37,12.51,22.45,121.03,65.0,2021-02-14 16:00:25.309999
21080505120,183,74,124,3.37,5.89,23.88,121.63,100.0,2021-08-05 05:12:12.560000
21042502281,111,47,93,3.37,12.06,23.5,120.29,47.0,2021-04-25 02:28:29.989999
21060716470,218,92,182,3.36,18.88,23.95,121.48,28.0,2021-06-07 16:47:33.369999
20010607100,9,9,9,3.36,9.17,24.45,121.77,,2020-01-06 07:10:43.840000
21021909540,174,69,115,3.35,6.02,24.58,121.72,48.0,2021-02-19 09:56:10.230000
21080100550,151,62,124,3.35,20.23,23.91,121.45,33.0,2021-08-01 00:55:18.750000
21080816240,133,55,80,3.35,8.89,23.92,121.58,55.0,2021-08-08 16:25:02.080000
21071401561,81,35,56,3.35,6.17,23.93,121.65,200.0,2021-07-14 01:56:45.950000
21030901121,30,12,6,3.35,20.2,22.0,121.68,277.0,2021-03-09 01:14:27.160000
20031320000,7,7,7,3.35,8.8,23.17,120.49,,2020-03-13 20:00:59.409999
20100719120,226,96,195,3.34,17.3,23.94,121.47,45.0,2020-10-07 19:13:07.509999
21061802130,170,67,102,3.34,8.32,23.9,121.58,72.0,2021-06-18 02:13:34.359999
21090210561,47,18,35,3.34,2.0,23.16,120.54,77.0,2021-09-02 10:58:33.609999
21051905003,20,7,17,3.34,6.62,24.79,121.94,188.0,2021-05-19 05:02:24.089999
21122215350,276,115,211,3.33,19.14,23.89,121.43,25.0,2021-12-22 15:35:15.519999
21022410190,244,100,206,3.33,10.07,24.44,120.71,39.0,2021-02-24 10:19:51.340000
21042506260,210,92,169,3.33,11.7,23.5,120.29,39.0,2021-04-25 06:26:52.439999
21122821540,218,89,157,3.33,10.67,24.41,121.79,50.0,2021-12-28 21:54:24.390000
20042509120,176,71,103,3.33,6.9,22.78,120.85,43.0,2020-04-25 09:13:05.629999
20111812360,269,115,201,3.32,6.34,24.37,120.89,36.0,2020-11-18 12:36:33.179999
20060800510,202,80,151,3.32,21.54,24.05,121.5,29.0,2020-06-08 00:51:52.070000
21122807180,152,63,126,3.32,15.68,23.85,121.43,26.0,2021-12-28 07:18:42.210000
21020305290,130,55,60,3.32,5.53,25.22,121.64,88.0,2021-02-03 05:29:26.109999
21042019380,263,112,189,3.31,8.66,23.8,121.48,54.0,2021-04-20 19:38:32.759999
21090216070,239,104,154,3.31,6.26,23.17,121.3,35.0,2021-09-02 16:07:20.370000
20081911560,217,92,184,3.31,9.39,23.23,120.39,27.0,2020-08-19 11:56:55.810000
21011913040,182,73,164,3.31,20.26,24.02,121.49,30.0,2021-01-19 13:04:35.270000
20060922400,171,71,149,3.31,11.19,23.55,120.57,38.0,2020-06-09 22:41:12.009999
21071400160,148,61,43,3.31,6.86,23.93,121.63,87.0,2021-07-14 00:16:56.070000
21083008000,158,66,119,3.3,23.32,24.05,121.52,29.0,2021-08-30 08:00:12.869999
21071523140,161,65,78,3.3,6.57,23.99,121.6,48.0,2021-07-15 23:16:30.199999
20080220450,139,61,124,3.3,11.19,23.31,120.3,42.0,2020-08-02 20:45:35.880000
20020300190,194,93,171,3.29,5.06,25.15,121.56,36.0,2020-02-03 00:19:57.149999
20061316290,201,82,150,3.29,6.42,23.22,120.41,27.0,2020-06-13 16:29:38.039999
20042319180,168,72,105,3.29,6.96,24.52,121.85,82.0,2020-04-23 19:18:35.049999
21042722102,56,23,56,3.29,2.92,23.15,120.91,49.0,2021-04-27 22:12:11.019999
20020922370,211,86,174,3.28,24.69,24.32,121.61,69.0,2020-02-09 22:37:33.100000
21032406440,193,76,164,3.28,9.11,24.59,121.01,26.0,2021-03-24 06:44:07.309999
20082118100,163,68,139,3.28,15.69,23.05,120.2,114.0,2020-08-21 18:10:45.969999
21042101360,161,68,108,3.28,15.88,23.9,121.46,54.0,2021-04-21 01:36:45.579999
20090601410,160,66,117,3.28,7.02,23.21,120.79,25.0,2020-09-06 01:41:33.380000
21123108001,104,45,29,3.28,8.29,24.06,121.65,62.0,2021-12-31 08:01:10.900000
21030920000,226,97,203,3.27,25.22,24.09,120.69,20.0,2021-03-09 20:00:29.019999
21071409300,219,91,121,3.27,8.24,23.98,121.58,48.0,2021-07-14 09:30:43.479999
21072614590,182,76,135,3.27,8.72,24.0,121.61,74.0,2021-07-26 14:59:26.890000
20030400490,152,65,127,3.27,11.35,23.23,120.15,63.0,2020-03-04 00:49:57.130000
21071402360,145,62,110,3.27,7.95,23.98,121.58,63.0,2021-07-14 02:37:03.279999
21012303452,38,13,31,3.27,8.32,22.54,120.97,176.0,2021-01-23 03:46:34.380000
20030809390,5,5,5,3.27,15.54,23.74,121.39,,2020-03-08 09:39:19.329999
21060914090,225,93,179,3.26,15.74,23.92,121.49,28.0,2021-06-09 14:09:48.049999
21101721320,188,76,138,3.26,18.22,24.14,121.6,33.0,2021-10-17 21:32:08.189999
21110918231,154,66,141,3.26,12.35,23.26,120.4,30.0,2021-11-09 18:23:07.349999
21071523540,147,61,87,3.26,7.77,23.98,121.58,35.0,2021-07-15 23:54:25.989999
21021110391,93,38,69,3.26,27.19,24.39,121.94,103.0,2021-02-11 10:40:55.070000
21052911261,67,27,36,3.26,1.24,24.89,122.4,136.0,2021-05-29 11:26:37.149999
21012807283,26,9,19,3.26,7.75,22.53,120.96,177.0,2021-01-28 07:31:28.719999
21061315142,14,7,10,3.26,7.8,23.9,121.56,100.0,2021-06-13 15:15:26.350000
20031605001,226,95,141,3.25,5.47,24.42,121.4,36.0,2020-03-16 05:00:50.409999
21071400490,130,53,58,3.25,8.93,23.97,121.58,54.0,2021-07-14 00:50:35.960000
21071323120,118,49,83,3.25,7.4,23.92,121.64,113.0,2021-07-13 23:12:06.030000
21012002290,106,43,84,3.25,12.29,23.22,120.39,26.0,2021-01-20 02:30:00.090000
20081900321,33,14,23,3.25,9.19,23.22,120.38,104.0,2020-08-19 00:34:07.429999
21071619592,17,8,17,3.25,9.31,24.0,121.57,103.0,2021-07-16 20:00:53.560000
21010104570,204,87,177,3.24,13.98,23.65,120.75,15.0,2021-01-01 04:57:44.450000
20090516360,198,84,182,3.24,8.94,23.53,120.39,27.0,2020-09-05 16:37:45.570000
20072820190,148,65,135,3.24,11.98,23.21,120.06,93.0,2020-07-28 20:20:10.839999
20040823481,56,23,36,3.24,10.81,22.2,120.86,75.0,2020-04-08 23:48:55.070000
20091423560,5,5,5,3.24,9.12,23.9,121.57,,2020-09-14 23:56:55.000000
21071715365,66,30,14,3.23,6.37,24.04,121.59,89.0,2021-07-17 15:36:38.380000
20010607130,17,17,17,3.23,7.67,23.38,120.26,,2020-01-06 07:13:57.960000
20040401170,7,7,7,3.23,9.58,22.99,121.04,,2020-04-04 01:17:26.140000
20041918410,251,113,182,3.22,14.97,22.97,120.17,114.0,2020-04-19 18:41:15.230000
20022511200,236,93,171,3.22,6.36,24.39,121.4,37.0,2020-02-25 11:20:30.239999
20091400020,192,80,142,3.22,11.68,23.04,121.17,30.0,2020-09-14 00:02:22.059999
20022207540,9,9,9,3.22,6.88,23.37,120.25,,2020-02-22 07:55:10.619999
20052704011,7,7,7,3.22,10.7,23.78,121.47,,2020-05-27 04:02:53.219999
20101912490,6,6,6,3.22,10.6,23.22,120.39,,2020-10-19 12:49:14.300000
21100717130,276,118,155,3.21,25.12,24.32,121.61,22.0,2021-10-07 17:13:42.579999
21091609460,244,108,174,3.21,7.7,23.48,120.47,19.0,2021-09-16 09:46:54.030000
21100719460,205,83,149,3.21,8.63,23.24,121.32,55.0,2021-10-07 19:46:45.240000
20110207200,152,69,130,3.21,10.35,23.29,120.4,31.0,2020-11-02 07:21:23.769999
21071323023,96,40,75,3.21,9.53,23.94,121.58,109.0,2021-07-13 23:03:58.049999
21020408132,14,8,11,3.21,13.39,24.15,121.68,176.0,2021-02-04 08:15:42.700000
21070713000,248,107,136,3.2,6.98,23.91,121.57,60.0,2021-07-07 13:00:58.649999
20021919480,234,94,164,3.2,10.0,23.86,121.55,112.0,2020-02-19 19:48:30.480000
21120710560,172,70,127,3.2,8.12,24.4,121.74,50.0,2021-12-07 10:56:21.289999
21071322586,97,43,43,3.2,7.86,23.92,121.58,97.0,2021-07-13 23:01:59.850000
21102404381,27,12,21,3.2,24.89,24.07,121.61,167.0,2021-10-24 04:39:34.340000
20032606250,6,6,6,3.2,13.22,24.61,121.9,,2020-03-26 06:25:41.409999
21081823430,178,78,154,3.19,4.06,23.43,120.74,24.0,2021-08-18 23:44:05.179999
20081900411,32,15,29,3.19,10.73,23.23,120.39,79.0,2020-08-19 00:42:44.920000
21071400492,14,7,14,3.19,9.31,23.98,121.58,84.0,2021-07-14 00:50:43.439999
20101821550,6,6,6,3.19,15.46,23.28,120.34,,2020-10-18 21:55:28.929999
21110517560,207,90,177,3.18,7.34,23.51,120.44,19.0,2021-11-05 17:57:15.699999
21081010510,197,83,140,3.18,19.15,23.97,121.48,30.0,2021-08-10 10:51:09.410000
21062305120,189,79,141,3.18,18.02,23.9,121.45,29.0,2021-06-23 05:12:44.380000
20021520491,170,71,129,3.18,37.54,23.94,122.13,168.0,2020-02-15 20:51:04.440000
21071403590,157,65,66,3.18,7.47,23.93,121.57,50.0,2021-07-14 03:59:11.609999
20092107270,140,60,93,3.18,16.66,24.45,121.82,70.0,2020-09-21 07:27:46.659999
20112316270,141,60,80,3.18,14.17,24.24,121.7,132.0,2020-11-23 16:27:16.969999
20101215382,103,42,88,3.18,10.78,24.51,121.9,99.0,2020-10-12 15:42:22.719999
21032922061,25,11,20,3.18,18.6,24.81,122.03,228.0,2021-03-29 22:07:20.809999
20040219350,6,6,6,3.18,11.16,23.25,120.37,,2020-04-02 19:35:19.390000
21111112590,238,103,172,3.17,10.86,23.32,120.25,40.0,2021-11-11 12:59:34.140000
21071408080,135,54,73,3.17,6.88,23.96,121.59,51.0,2021-07-14 08:08:37.109999
21091115021,117,48,87,3.17,4.0,23.01,121.07,104.0,2021-09-11 15:03:11.869999
21071601070,93,39,46,3.16,7.68,23.98,121.59,65.0,2021-07-16 01:08:04.139999
21071811253,62,28,55,3.16,7.45,24.02,121.6,135.0,2021-07-18 11:26:54.280000
20112517120,9,9,9,3.16,4.02,22.79,120.72,,2020-11-25 17:12:36.119999
20011011480,213,93,193,3.15,8.55,24.65,120.98,40.0,2020-01-10 11:49:21.489999
20041921590,143,63,121,3.15,19.81,24.08,121.52,62.0,2020-04-19 21:59:25.809999
21071322515,96,41,56,3.15,8.78,23.93,121.57,95.0,2021-07-13 22:55:54.210000
20042414270,5,5,5,3.15,17.3,23.89,121.46,,2020-04-24 14:27:40.030000
21071323242,186,78,55,3.14,8.12,23.93,121.57,77.0,2021-07-13 23:25:59.509999
20032604480,185,76,144,3.14,14.18,22.98,120.16,127.0,2020-03-26 04:48:07.549999
20122312020,166,66,138,3.14,11.89,23.45,120.44,28.0,2020-12-23 12:02:59.500000
21071719070,156,64,64,3.14,8.42,23.9,121.57,66.0,2021-07-17 19:07:22.170000
20081900323,53,24,45,3.14,9.93,23.23,120.39,54.0,2020-08-19 00:34:47.159999
20021905390,7,7,7,3.14,9.19,23.87,121.54,,2020-02-19 05:39:21.230000
20011512410,195,91,115,3.13,4.16,25.19,121.61,58.0,2020-01-15 12:41:48.899999
20021516560,214,89,153,3.13,9.29,23.88,121.55,115.0,2020-02-15 16:56:57.280000
21061108532,11,6,11,3.13,9.82,23.87,121.52,91.0,2021-06-11 08:54:19.399999
20112917570,193,78,120,3.12,15.84,23.96,121.48,39.0,2020-11-29 17:57:23.789999
21071700420,141,58,66,3.12,6.83,23.95,121.61,89.0,2021-07-17 00:42:46.969999
21032301110,137,54,100,3.12,6.73,23.35,120.26,48.0,2021-03-23 01:11:40.880000
21040906130,132,53,118,3.12,17.5,23.05,120.28,39.0,2021-04-09 06:14:22.449999
21071323241,81,38,33,3.12,8.84,23.93,121.58,109.0,2021-07-13 23:25:03.930000
20101713360,9,9,9,3.12,12.23,23.29,120.36,,2020-10-17 13:36:33.840000
20011418060,192,79,91,3.11,6.49,24.41,121.39,34.0,2020-01-14 18:06:42.829999
21080408020,167,70,131,3.11,17.53,23.93,121.46,23.0,2021-08-04 08:03:08.560000
21071408480,123,51,66,3.11,9.17,23.93,121.58,52.0,2021-07-14 08:49:33.509999
21052900081,34,14,17,3.11,15.57,24.95,122.56,208.0,2021-05-29 00:09:56.579999
20110716540,8,8,8,3.11,10.77,23.27,120.2,,2020-11-07 16:54:41.850000
20052714370,7,7,7,3.11,9.86,23.44,120.37,,2020-05-27 14:38:04.690000
20110111480,5,5,5,3.11,7.28,23.36,120.2,,2020-11-01 11:48:25.179999
21022702220,195,77,159,3.1,11.63,23.45,120.45,37.0,2021-02-27 02:23:09.349999
21022009370,146,58,119,3.1,13.71,23.11,120.38,34.0,2021-02-20 09:37:27.829999
21071403230,142,58,98,3.1,7.61,23.97,121.6,116.0,2021-07-14 03:23:19.489999
20020619310,127,53,109,3.1,16.43,22.96,120.15,132.0,2020-02-06 19:31:33.450000
21071404300,111,45,64,3.1,5.12,23.96,121.61,158.0,2021-07-14 04:30:45.530000
21071412551,11,6,10,3.1,9.62,23.98,121.58,84.0,2021-07-14 12:56:02.640000
20040320110,238,108,181,3.09,12.33,23.2,120.14,48.0,2020-04-03 20:11:22.859999
20100523360,178,78,154,3.09,8.69,23.63,120.62,30.0,2020-10-05 23:37:09.140000
21071404180,164,69,102,3.09,5.9,23.96,121.61,118.0,2021-07-14 04:18:36.840000
20011418061,84,39,69,3.09,6.69,24.41,121.39,43.0,2020-01-14 18:06:55.429999
21071323203,20,10,13,3.08,8.6,23.93,121.57,88.0,2021-07-13 23:22:44.240000
20100223170,185,81,157,3.07,11.42,23.19,120.19,64.0,2020-10-02 23:17:40.990000
21071523295,36,18,22,3.06,9.53,24.0,121.6,125.0,2021-07-15 23:32:46.649999
20110616150,179,79,128,3.05,15.08,23.22,120.32,38.0,2020-11-06 16:15:51.929999
21082113590,191,78,99,3.05,6.88,24.58,121.79,52.0,2021-08-21 13:59:42.039999
20041920430,140,59,114,3.05,16.9,22.97,120.16,131.0,2020-04-19 20:43:36.350000
20080301200,128,55,111,3.05,16.42,23.94,121.47,45.0,2020-08-03 01:20:29.089999
21071322582,50,24,17,3.05,9.19,23.93,121.58,97.0,2021-07-13 22:59:09.460000
21071323134,10,5,10,3.05,8.34,23.95,121.62,208.0,2021-07-13 23:15:21.829999
20031410270,216,83,125,3.04,5.77,24.4,121.41,38.0,2020-03-14 10:27:42.899999
21102304151,108,46,65,3.04,26.78,24.09,121.64,52.0,2021-10-23 04:15:55.229999
20102012540,6,6,6,3.04,13.3,23.29,120.38,,2020-10-20 12:55:00.240000
21070100580,160,65,135,3.03,13.35,23.48,120.58,23.0,2021-07-01 00:58:43.189999
21020509291,27,10,27,3.03,17.55,23.18,121.36,106.0,2021-02-05 09:30:12.330000
21071408085,13,6,10,3.03,9.67,23.95,121.58,109.0,2021-07-14 08:08:45.810000
21091111500,146,58,93,3.02,7.56,22.97,121.35,72.0,2021-09-11 11:51:03.750000
21071402182,44,20,35,3.02,5.27,23.89,121.6,182.0,2021-07-14 02:18:56.560000
20021520131,34,19,33,3.02,9.92,23.82,121.55,128.0,2020-02-15 20:14:25.660000
21071322588,16,8,6,3.02,9.5,23.95,121.56,73.0,2021-07-13 23:00:43.759999
21061119580,205,86,130,3.01,6.82,23.88,121.55,65.0,2021-06-11 19:59:15.119999
20081900322,36,14,33,3.01,9.83,23.22,120.39,62.0,2020-08-19 00:34:28.039999
21081522440,138,57,115,3.0,13.83,23.13,120.19,94.0,2021-08-15 22:44:35.899999
21071401560,102,41,51,3.0,7.07,23.93,121.66,105.0,2021-07-14 01:56:21.449999
21051905004,55,23,34,3.0,10.74,24.79,121.9,101.0,2021-05-19 05:03:13.849999
20072901080,168,69,151,2.99,12.44,23.21,120.06,91.0,2020-07-29 01:09:14.669999
20061502420,130,53,87,2.99,21.37,24.33,121.63,75.0,2020-06-15 02:42:25.019999
20012209220,201,85,180,2.98,10.54,23.66,120.61,24.0,2020-01-22 09:22:39.200000
21091608410,174,70,150,2.98,7.51,23.09,121.16,37.0,2021-09-16 08:42:15.189999
21071619211,166,69,159,2.98,7.06,23.92,121.58,53.0,2021-07-16 19:21:39.820000
21071814500,148,60,54,2.98,5.31,24.57,120.89,137.0,2021-07-18 14:50:52.929999
21071715362,94,39,58,2.98,6.57,24.05,121.65,107.0,2021-07-17 15:38:07.459999
21080809080,89,39,57,2.98,13.42,24.26,121.72,64.0,2021-08-08 09:08:43.670000
20022412101,63,29,43,2.98,9.34,23.83,121.55,138.0,2020-02-24 12:11:41.859999
20010606532,18,8,7,2.98,8.42,24.05,121.62,183.0,2020-01-06 06:54:55.979999
20122310480,188,73,167,2.97,11.74,23.45,120.44,28.0,2020-12-23 10:48:46.380000
20032611130,165,66,133,2.97,18.74,22.98,120.15,128.0,2020-03-26 11:13:51.200000
20060802320,132,56,81,2.97,6.19,24.25,121.73,97.0,2020-06-08 02:32:24.989999
21071412080,135,56,120,2.97,8.04,23.98,121.6,64.0,2021-07-14 12:08:23.059999
21052501091,51,21,23,2.97,12.99,24.89,122.47,146.0,2021-05-25 01:09:51.700000
21060604361,41,17,6,2.97,17.57,24.95,122.61,218.0,2021-06-06 04:36:40.600000
21071323135,32,15,25,2.97,5.15,23.96,121.61,164.0,2021-07-13 23:15:41.189999
20032610310,150,61,119,2.96,13.35,22.99,120.16,124.0,2020-03-26 10:31:23.089999
20012907510,142,60,79,2.96,8.34,23.33,120.2,58.0,2020-01-29 07:51:53.649999
20032717130,9,9,9,2.96,8.54,24.66,121.83,,2020-03-27 17:14:10.519999
21071403361,14,7,11,2.96,10.19,23.98,121.58,80.0,2021-07-14 03:37:24.489999
20031603040,6,6,6,2.96,11.36,24.56,120.84,,2020-03-16 03:04:14.830000
20032617000,5,5,5,2.96,16.08,22.99,120.16,,2020-03-26 17:01:08.490000
20042712262,5,5,5,2.96,2.78,23.1,120.92,,2020-04-27 12:27:59.630000
21071523541,98,42,66,2.95,8.66,23.96,121.59,78.0,2021-07-15 23:56:09.369999
20022412102,47,23,42,2.95,8.92,23.84,121.53,103.0,2020-02-24 12:11:56.630000
21052704141,41,17,33,2.95,8.59,24.72,121.02,113.0,2021-05-27 04:16:07.040000
21071523045,15,8,3,2.95,9.13,23.98,121.58,86.0,2021-07-15 23:05:56.020000
21061315141,56,23,43,2.94,14.9,24.91,122.41,141.0,2021-06-13 15:16:43.780000
21071523041,42,20,27,2.94,9.77,23.98,121.58,79.0,2021-07-15 23:06:33.649999
20052819341,20,8,11,2.94,13.55,23.65,120.76,99.0,2020-05-28 19:35:56.770000
21052908100,159,65,64,2.93,9.15,23.99,121.59,75.0,2021-05-29 08:10:19.440000
21051001060,152,61,125,2.93,3.57,24.53,120.86,47.0,2021-05-10 01:06:14.039999
21091503451,93,37,61,2.93,9.53,24.85,121.99,112.0,2021-09-15 03:45:28.550000
20022013161,50,27,42,2.93,9.73,23.88,121.52,85.0,2020-02-20 13:16:54.469999
21071500452,26,12,26,2.93,8.05,23.97,121.6,96.0,2021-07-15 00:46:51.390000
20081904280,153,62,134,2.92,14.79,23.05,120.2,118.0,2020-08-19 04:29:03.810000
21071408081,106,43,80,2.92,7.87,23.95,121.59,117.0,2021-07-14 08:09:54.560000
21110918232,42,19,26,2.92,12.39,23.99,122.24,104.0,2021-11-09 18:27:13.890000
21052221341,22,10,15,2.92,29.79,24.44,121.96,267.0,2021-05-22 21:35:44.570000
21071523336,16,8,5,2.92,9.04,23.98,121.59,88.0,2021-07-15 23:35:39.590000
21070320180,160,67,134,2.91,8.06,23.54,120.48,32.0,2021-07-03 20:18:41.240000
20092819041,39,16,34,2.91,12.11,22.42,120.98,132.0,2020-09-28 19:06:36.020000
21061108551,15,7,10,2.91,9.91,23.86,121.53,98.0,2021-06-11 08:55:49.670000
20081900430,5,5,5,2.91,11.07,23.23,120.39,,2020-08-19 00:43:51.799999
21071003030,183,76,70,2.9,5.9,23.92,121.58,44.0,2021-07-10 03:03:54.070000
20022705240,164,69,125,2.9,12.57,23.3,120.29,36.0,2020-02-27 05:24:23.980000
21061208441,91,39,78,2.9,64.56,24.36,122.08,74.0,2021-06-12 08:46:27.899999
21071322581,85,36,18,2.9,8.82,23.92,121.57,95.0,2021-07-13 22:58:58.729999
20092901142,22,9,16,2.9,12.7,22.33,120.99,206.0,2020-09-29 01:17:19.660000
20032608310,5,5,5,2.9,14.84,22.98,120.15,,2020-03-26 08:31:21.089999
21071400101,107,44,63,2.89,7.63,23.97,121.58,71.0,2021-07-14 00:11:27.699999
21102404382,32,14,32,2.89,25.02,24.05,121.64,183.0,2021-10-24 04:40:03.710000
21071323246,12,6,2,2.89,7.02,23.99,121.56,91.0,2021-07-13 23:24:35.170000
20021006500,116,53,71,2.87,1.9,25.17,121.58,38.0,2020-02-10 06:51:13.199999
21071523141,104,43,74,2.87,7.87,23.98,121.58,63.0,2021-07-15 23:14:53.500000
21080611371,50,23,25,2.86,15.35,24.81,122.28,171.0,2021-08-06 11:38:45.179999
20062623272,50,20,24,2.86,5.61,23.05,120.84,48.0,2020-06-26 23:29:31.039999
20030302410,104,39,86,2.85,19.81,23.07,120.24,101.0,2020-03-03 02:41:50.299999
21080617081,56,25,35,2.85,15.61,24.78,122.24,160.0,2021-08-06 17:09:49.579999
21062809081,31,14,24,2.85,12.99,23.71,121.39,91.0,2021-06-28 09:09:36.670000
21071404281,12,7,8,2.85,9.55,23.95,121.59,124.0,2021-07-14 04:28:53.750000
20052210110,5,5,5,2.85,8.75,23.64,120.54,,2020-05-22 10:11:49.340000
21080715261,66,28,55,2.84,10.81,24.81,122.22,159.0,2021-08-07 15:27:18.500000
21071322584,23,11,11,2.83,10.32,23.96,121.59,112.0,2021-07-13 23:01:02.310000
21021719071,27,10,26,2.83,15.29,23.17,121.35,71.0,2021-02-17 19:07:40.509999
21070713001,69,30,52,2.82,9.09,23.9,121.57,100.0,2021-07-07 13:01:33.869999
21060716471,52,21,46,2.82,11.91,24.83,122.42,145.0,2021-06-07 16:47:08.230000
21070721301,51,22,45,2.81,9.38,24.1,121.68,198.0,2021-07-07 21:32:03.850000
21071323202,28,13,9,2.81,10.32,23.93,121.57,98.0,2021-07-13 23:21:20.629999
21071811254,14,7,7,2.81,8.26,24.03,121.59,142.0,2021-07-18 11:26:59.950000
21102406041,54,23,40,2.8,70.27,24.55,121.75,59.0,2021-10-24 06:04:23.230000
21111413051,27,12,22,2.8,67.57,24.56,121.92,241.0,2021-11-14 13:09:25.579999
20021520492,11,6,11,2.8,9.74,23.83,121.55,132.0,2020-02-15 20:50:32.100000
20031605002,93,41,62,2.79,5.45,24.42,121.4,36.0,2020-03-16 05:00:32.950000
21102609201,70,30,61,2.79,65.36,24.6,121.77,57.0,2021-10-26 09:20:13.160000
21102702061,46,18,36,2.79,7.66,23.03,121.06,69.0,2021-10-27 02:06:35.810000
21071523071,32,15,32,2.79,9.41,23.97,121.58,82.0,2021-07-15 23:07:31.940000
21070711391,60,27,32,2.78,8.49,23.91,121.59,106.0,2021-07-07 11:41:46.439999
21071413521,47,21,31,2.78,9.15,23.94,121.58,107.0,2021-07-14 13:53:53.590000
21071715363,43,20,21,2.78,8.85,24.04,121.61,146.0,2021-07-17 15:37:38.179999
21071413522,24,11,24,2.78,9.97,23.94,121.58,109.0,2021-07-14 13:54:05.969999
21113001441,25,11,25,2.78,19.35,24.48,121.82,108.0,2021-11-30 01:45:30.910000
20030302411,17,8,17,2.78,20.26,23.06,120.25,91.0,2020-03-03 02:42:06.950000
21071818440,98,39,24,2.77,9.36,23.93,121.58,108.0,2021-07-18 18:44:48.560000
21071402181,78,33,67,2.77,9.4,23.93,121.58,57.0,2021-07-14 02:18:32.159999
21071323243,37,18,21,2.77,9.8,23.95,121.57,84.0,2021-07-13 23:25:23.480000
20080209561,25,12,22,2.77,8.3,22.18,120.78,132.0,2020-08-02 09:56:55.539999
21071323136,14,8,14,2.77,5.33,23.9,121.58,102.0,2021-07-13 23:16:00.820000
21071403363,53,24,42,2.76,5.9,23.9,121.58,92.0,2021-07-14 03:38:41.700000
20053013021,37,21,34,2.75,14.83,24.1,121.53,50.0,2020-05-30 13:03:51.170000
20013106092,27,11,16,2.74,19.11,24.89,122.06,196.0,2020-01-31 06:12:17.980000
21041814141,18,9,13,2.74,16.12,23.88,121.47,110.0,2021-04-18 14:14:29.339999
20031413270,5,5,5,2.74,9.61,23.03,121.11,,2020-03-14 13:27:56.030000
20040714320,5,5,5,2.74,11.37,23.27,120.32,,2020-04-07 14:32:17.190000
20102604310,5,5,5,2.74,10.34,24.16,121.67,,2020-10-26 04:31:23.960000
21071715361,63,28,36,2.73,7.55,24.04,121.63,97.0,2021-07-17 15:36:48.960000
21080921491,28,10,23,2.72,21.89,23.1,121.3,125.0,2021-08-09 21:51:29.260000
21061315143,15,8,11,2.72,6.45,23.89,121.56,114.0,2021-06-13 15:15:38.329999
21031412301,98,40,88,2.71,9.45,23.18,120.54,54.0,2021-03-14 12:32:30.839999
21080611201,47,18,47,2.71,7.14,23.16,121.3,80.0,2021-08-06 11:20:37.990000
20022013162,31,18,12,2.69,11.51,23.87,121.55,115.0,2020-02-20 13:16:13.580000
20101712071,20,11,20,2.69,10.58,23.29,120.39,190.0,2020-10-17 12:09:00.850000
20092901141,16,6,16,2.67,12.82,22.32,121.03,254.0,2020-09-29 01:16:55.460000
20050103030,5,5,5,2.67,9.3,23.51,120.42,,2020-05-01 03:03:51.979999
21112823111,39,19,38,2.66,32.14,24.19,121.66,173.0,2021-11-28 23:13:01.770000
21071512391,92,40,85,2.65,7.11,23.99,121.6,73.0,2021-07-15 12:39:51.600000
20021520132,22,13,22,2.65,9.68,23.83,121.54,128.0,2020-02-15 20:14:49.399999
21070712261,99,40,76,2.64,10.35,23.9,121.56,109.0,2021-07-07 12:27:27.320000
20050106231,34,17,32,2.64,14.53,24.42,121.84,124.0,2020-05-01 06:24:23.140000
21071322516,39,18,23,2.63,9.41,23.94,121.57,85.0,2021-07-13 22:56:40.119999
20081900324,31,14,21,2.63,10.15,23.2,120.38,70.0,2020-08-19 00:35:06.160000
21102303164,34,16,24,2.62,26.4,24.07,121.65,131.0,2021-10-23 03:18:45.079999
21070619211,18,9,18,2.62,12.26,23.88,121.57,148.0,2021-07-06 19:23:37.679999
21030414242,12,5,10,2.62,15.45,24.78,122.23,214.0,2021-03-04 14:27:31.179999
20120106361,58,24,44,2.61,24.62,22.79,121.3,100.0,2020-12-01 06:39:38.969999
21071322585,22,10,8,2.61,8.74,23.93,121.57,92.0,2021-07-13 23:01:34.729999
21071323244,33,16,19,2.6,7.63,23.94,121.57,92.0,2021-07-13 23:25:47.350000
20021520493,11,6,11,2.6,10.36,23.82,121.55,136.0,2020-02-15 20:50:41.880000
21070718501,36,18,31,2.58,45.39,23.78,121.71,188.0,2021-07-07 18:51:46.270000
20052819342,25,11,14,2.58,12.97,23.64,120.76,99.0,2020-05-28 19:36:21.530000
21071408083,18,9,14,2.58,10.98,23.95,121.58,103.0,2021-07-14 08:10:10.080000
21071715364,28,13,14,2.57,7.1,24.04,121.61,149.0,2021-07-17 15:38:26.460000
20052819343,23,10,20,2.57,13.28,23.65,120.76,95.0,2020-05-28 19:36:41.420000
20022605341,19,9,5,2.57,28.26,23.89,121.55,107.0,2020-02-26 05:35:50.560000
21102303163,13,7,12,2.57,24.24,24.06,121.63,198.0,2021-10-23 03:18:15.150000
21020618471,14,5,14,2.57,7.56,22.16,120.9,210.0,2021-02-06 18:48:48.250000
20042319181,41,19,27,2.56,6.89,24.53,121.85,104.0,2020-04-23 19:19:18.660000
21071403362,30,14,27,2.56,9.47,23.98,121.57,73.0,2021-07-14 03:38:11.500000
20021519201,12,5,12,2.54,13.01,24.49,121.77,136.0,2020-02-15 19:21:43.880000
20022312270,5,5,5,2.54,6.85,23.55,120.48,,2020-02-23 12:27:28.480000
20030814480,95,41,54,2.53,8.98,24.77,120.9,85.0,2020-03-08 14:48:17.469999
21081915341,49,23,20,2.53,8.17,23.96,121.61,157.0,2021-08-19 15:34:26.100000
20013106091,20,8,18,2.53,17.21,24.88,122.06,192.0,2020-01-31 06:11:56.250000
21071523337,24,11,19,2.52,9.93,23.98,121.59,80.0,2021-07-15 23:36:35.560000
20031812480,122,54,78,2.51,4.64,25.16,121.55,44.0,2020-03-18 12:48:56.630000
21071700422,41,20,27,2.51,8.46,23.95,121.62,172.0,2021-07-17 00:43:54.859999
20032604481,42,21,26,2.5,15.36,22.97,120.13,142.0,2020-03-26 04:48:55.789999
21042721471,31,12,29,2.5,2.78,23.15,120.92,66.0,2021-04-27 21:49:17.390000
21061315144,17,8,13,2.5,7.85,23.89,121.57,115.0,2021-06-13 15:16:02.189999
21071400491,84,34,31,2.49,7.87,23.98,121.58,71.0,2021-07-14 00:52:36.130000
20102104530,61,26,46,2.49,6.79,24.72,121.05,89.0,2020-10-21 04:53:42.039999
21071400494,34,16,30,2.49,9.12,23.97,121.58,80.0,2021-07-14 00:50:08.570000
21020412061,32,12,30,2.49,6.83,23.16,120.69,89.0,2021-02-04 12:07:36.539999
21061107332,17,8,17,2.49,9.37,23.89,121.49,66.0,2021-06-11 07:36:23.379999
21091503452,12,5,8,2.49,8.21,24.85,122.01,214.0,2021-09-15 03:46:26.140000
20101215381,22,10,22,2.48,7.4,24.49,121.9,225.0,2020-10-12 15:41:38.070000
20022605342,18,8,4,2.47,11.94,24.05,121.1,85.0,2020-02-26 05:35:34.630000
20040219351,5,5,5,2.46,13.23,23.24,120.36,,2020-04-02 19:35:58.509999
21012804491,14,7,12,2.45,5.73,23.15,120.69,113.0,2021-01-28 04:50:32.280000
20032609561,69,35,57,2.44,15.2,22.97,120.12,133.0,2020-03-26 09:57:02.890000
21071323245,49,23,20,2.44,10.63,23.94,121.56,77.0,2021-07-13 23:26:38.810000
20101712073,38,19,38,2.44,13.26,23.29,120.37,84.0,2020-10-17 12:10:00.560000
20100502041,43,17,39,2.44,6.21,23.2,120.82,59.0,2020-10-05 02:07:05.440000
20092905061,25,10,21,2.44,13.31,22.35,121.0,146.0,2020-09-29 05:08:47.020000
21071400493,44,19,26,2.43,9.47,23.98,121.57,74.0,2021-07-14 00:49:44.570000
20101712072,32,16,32,2.43,12.74,23.29,120.38,107.0,2020-10-17 12:09:48.909999
21021909541,36,16,36,2.43,7.73,24.58,121.73,69.0,2021-02-19 09:57:05.179999
21061109011,19,9,15,2.43,10.16,23.86,121.55,133.0,2021-06-11 09:02:05.559999
21071403181,10,5,8,2.43,11.13,23.95,121.61,177.0,2021-07-14 03:19:39.159999
20031410271,29,13,29,2.42,6.12,24.4,121.42,66.0,2020-03-14 10:27:58.469999
21020305291,7,5,7,2.42,5.65,25.21,121.64,146.0,2021-02-03 05:29:57.649999
20041918411,80,33,45,2.41,15.16,22.94,120.11,137.0,2020-04-19 18:42:57.770000
21062007031,26,11,23,2.41,8.88,24.55,121.83,171.0,2021-06-20 07:04:36.539999
21071323054,25,11,25,2.41,10.23,23.95,121.59,140.0,2021-07-13 23:08:05.820000
20012603121,14,6,9,2.41,46.88,21.83,120.68,275.0,2020-01-26 03:14:03.209999
21071619593,11,6,11,2.41,9.77,23.98,121.58,93.0,2021-07-16 20:01:16.789999
20022511201,52,21,38,2.4,6.14,24.39,121.41,48.0,2020-02-25 11:20:58.109999
21071523043,27,14,13,2.4,9.48,23.99,121.58,96.0,2021-07-15 23:07:07.580000
21020209041,19,9,17,2.4,11.31,24.14,121.67,188.0,2021-02-02 09:05:39.009999
21071417001,13,7,7,2.4,8.72,23.96,121.58,151.0,2021-07-14 17:02:20.609999
21080617082,45,19,37,2.39,19.44,24.82,122.19,152.0,2021-08-06 17:08:20.960000
20121518131,38,15,34,2.39,1.96,24.51,121.08,82.0,2020-12-15 18:14:08.240000
21081306232,8,5,5,2.39,6.42,23.88,121.65,268.0,2021-08-13 06:25:04.219999
20031802341,51,22,44,2.37,13.94,24.45,121.86,204.0,2020-03-18 02:36:04.309999
21080612281,40,15,38,2.37,6.73,23.16,121.29,77.0,2021-08-06 12:30:17.100000
20101712074,27,11,27,2.37,12.08,23.28,120.37,121.0,2020-10-17 12:10:14.460000
21071323024,10,5,4,2.37,10.37,23.91,121.59,134.0,2021-07-13 23:04:17.519999
21102702063,54,21,49,2.36,9.85,23.02,121.07,50.0,2021-10-27 02:08:20.829999
21071523142,57,26,31,2.35,9.14,24.0,121.6,127.0,2021-07-15 23:17:53.710000
21071500453,25,11,25,2.35,9.04,23.98,121.6,85.0,2021-07-15 00:47:13.789999
21021019531,14,6,6,2.35,44.24,24.71,122.17,190.0,2021-02-10 19:53:55.369999
21012123361,31,14,29,2.33,15.77,23.92,121.47,52.0,2021-01-21 23:38:03.620000
21071400102,23,11,12,2.33,8.3,23.91,121.59,121.0,2021-07-14 00:13:05.559999
21071818401,17,8,14,2.33,9.05,23.93,121.57,99.0,2021-07-18 18:41:43.659999
21071523072,13,7,13,2.33,10.85,23.98,121.59,99.0,2021-07-15 23:08:16.480000
20010607132,6,6,6,2.33,13.0,23.38,120.23,,2020-01-06 07:15:23.339999
20081906202,46,17,35,2.32,10.9,23.21,120.39,126.0,2020-08-19 06:23:16.059999
20041918412,19,9,11,2.32,18.89,22.94,120.12,238.0,2020-04-19 18:42:28.469999
20092819042,23,9,20,2.32,13.73,22.37,121.02,218.0,2020-09-28 19:07:26.239999
20030803461,75,30,36,2.29,14.57,22.94,120.12,136.0,2020-03-08 03:48:39.109999
20021006502,41,20,21,2.29,2.27,25.17,121.58,83.0,2020-02-10 06:52:49.969999
21032422323,34,13,26,2.29,12.15,24.94,122.05,250.0,2021-03-24 22:35:29.260000
21071408082,34,15,34,2.28,9.32,23.95,121.58,107.0,2021-07-14 08:09:30.699999
20021510591,30,12,27,2.28,14.06,24.09,122.16,150.0,2020-02-15 10:59:46.780000
21042800082,31,12,25,2.28,6.64,23.15,120.92,85.0,2021-04-28 00:10:09.439999
21102304153,24,10,22,2.28,24.18,24.07,121.64,190.0,2021-10-23 04:17:20.460000
20042711581,22,7,22,2.28,2.93,23.12,120.92,116.0,2020-04-27 11:59:43.770000
21061107333,10,5,10,2.28,8.7,23.89,121.49,80.0,2021-06-11 07:36:28.940000
21111215051,43,19,40,2.27,18.09,24.23,121.8,199.0,2021-11-12 15:06:32.899999
20110908261,28,12,25,2.27,14.23,24.52,121.86,105.0,2020-11-09 08:26:53.939999
20021511041,20,11,20,2.27,8.61,23.86,121.51,100.0,2020-02-15 11:04:50.619999
21071500454,71,28,47,2.26,7.96,23.97,121.6,91.0,2021-07-15 00:49:09.750000
21080616001,41,17,36,2.26,15.09,24.77,122.22,214.0,2021-08-06 16:00:05.950000
21072614591,22,10,22,2.26,8.85,24.0,121.6,146.0,2021-07-26 14:59:57.130000
21091115022,52,20,37,2.25,7.78,23.02,121.05,45.0,2021-09-11 15:04:55.530000
21081907501,23,11,23,2.25,6.82,23.95,121.61,186.0,2021-08-19 07:52:53.240000
21071400161,41,19,32,2.24,7.12,23.92,121.58,96.0,2021-07-14 00:18:08.560000
21080914581,32,14,29,2.24,21.87,24.8,122.26,227.0,2021-08-09 14:59:48.259999
21071601071,20,10,16,2.24,8.75,23.98,121.58,84.0,2021-07-16 01:08:45.679999
21071323248,17,8,4,2.24,7.58,23.91,121.55,72.0,2021-07-13 23:26:19.879999
21071804351,47,21,42,2.23,9.0,23.98,121.58,79.0,2021-07-18 04:37:11.509999
21080611393,23,8,9,2.23,10.46,23.17,121.29,90.0,2021-08-06 11:41:35.850000
21050117341,40,18,40,2.22,5.13,24.13,121.48,55.0,2021-05-01 17:36:15.460000
21071323249,16,9,4,2.22,2.03,23.97,121.58,150.0,2021-07-13 23:26:23.589999
21071323131,46,21,44,2.21,9.66,23.93,121.58,107.0,2021-07-13 23:14:05.830000
21062007032,26,11,23,2.21,10.5,24.55,121.84,184.0,2021-06-20 07:05:11.070000
20052300161,15,5,15,2.21,13.28,24.45,121.91,132.0,2020-05-23 00:17:27.030000
21061108533,14,6,10,2.2,7.76,23.86,121.52,92.0,2021-06-11 08:54:54.939999
20052909291,30,12,26,2.19,4.6,23.23,120.82,71.0,2020-05-29 09:30:55.549999
20081908161,26,11,26,2.19,5.81,24.37,120.92,112.0,2020-08-19 08:19:00.150000
21070712521,16,7,14,2.19,4.8,23.91,121.57,92.0,2021-07-07 12:53:44.100000
21071323137,10,5,6,2.19,9.43,23.92,121.58,107.0,2021-07-13 23:16:18.230000
21091115023,32,14,27,2.18,26.24,24.47,121.74,75.0,2021-09-11 15:03:58.710000
20022412103,27,12,20,2.18,8.18,23.84,121.52,96.0,2020-02-24 12:12:19.480000
21071322587,24,12,9,2.18,9.54,23.92,121.58,109.0,2021-07-13 22:58:15.990000
21071818441,26,12,16,2.18,9.32,23.94,121.57,101.0,2021-07-18 18:45:21.250000
21042612201,25,11,20,2.18,28.02,24.76,122.3,230.0,2021-04-26 12:20:09.060000
21071404301,20,10,18,2.18,6.81,23.95,121.62,181.0,2021-07-14 04:31:22.429999
21071403182,16,8,16,2.18,10.08,23.96,121.6,147.0,2021-07-14 03:20:07.639999
21071323363,16,8,14,2.17,8.52,23.93,121.57,100.0,2021-07-13 23:36:58.759999
20031608102,46,20,21,2.16,8.83,24.43,121.4,52.0,2020-03-16 08:12:09.869999
21071323206,30,13,19,2.16,9.37,23.98,121.6,91.0,2021-07-13 23:23:46.880000
20081906204,24,10,23,2.16,9.53,23.23,120.39,120.0,2020-08-19 06:24:29.649999
20022512262,56,24,41,2.15,6.12,24.39,121.4,63.0,2020-02-25 12:28:29.280000
21042019331,23,11,17,2.15,8.64,23.81,121.47,97.0,2021-04-20 19:34:58.350000
21021209461,24,10,17,2.15,20.1,24.41,121.77,171.0,2021-02-12 09:47:56.590000
21071323361,20,10,20,2.15,8.74,23.95,121.58,110.0,2021-07-13 23:38:26.699999
21071523333,9,5,5,2.15,9.98,23.98,121.6,104.0,2021-07-15 23:33:11.029999
20020300191,24,12,22,2.14,5.15,25.17,121.55,115.0,2020-02-03 00:20:32.520000
21071400162,18,9,16,2.14,10.19,23.97,121.58,80.0,2021-07-14 00:16:29.679999
21071409181,18,8,18,2.14,6.43,23.99,121.56,89.0,2021-07-14 09:20:04.879999
21071402362,9,5,9,2.14,9.24,23.99,121.56,122.0,2021-07-14 02:37:27.670000
21071323205,24,11,12,2.13,10.65,23.93,121.56,80.0,2021-07-13 23:20:27.800000
21071323139,13,6,13,2.13,5.48,23.9,121.58,107.0,2021-07-13 23:18:00.980000
21071412081,17,8,17,2.12,9.58,23.99,121.58,106.0,2021-07-14 12:09:05.509999
20032611131,61,23,48,2.11,12.93,22.97,120.14,132.0,2020-03-26 11:15:00.110000
21070711421,37,18,27,2.11,7.95,23.9,121.57,111.0,2021-07-07 11:44:17.960000
21100719461,40,17,34,2.11,7.49,24.56,121.81,68.0,2021-10-07 19:46:28.410000
20051112341,22,8,19,2.11,12.39,23.65,120.75,87.0,2020-05-11 12:36:11.910000
21091503453,19,8,12,2.11,10.43,24.85,122.01,215.0,2021-09-15 03:46:53.640000
20052909293,42,17,37,2.1,4.57,23.22,120.82,52.0,2020-05-29 09:31:57.030000
21071523143,22,11,22,2.1,8.92,23.97,121.58,80.0,2021-07-15 23:15:39.890000
21071715366,20,10,16,2.1,8.44,24.04,121.61,146.0,2021-07-17 15:39:07.269999
20110218511,16,7,16,2.1,8.91,24.09,120.93,163.0,2020-11-02 18:52:23.530000
20101216021,65,30,63,2.09,9.82,24.51,121.89,98.0,2020-10-12 16:03:11.160000
20022412104,14,7,12,2.09,9.55,23.83,121.55,136.0,2020-02-24 12:12:29.300000
21071404282,10,5,10,2.09,10.39,23.96,121.6,150.0,2021-07-14 04:29:31.370000
21071811255,10,5,8,2.09,7.2,24.04,121.58,130.0,2021-07-18 11:27:19.640000
21111215052,43,19,40,2.08,17.67,24.23,121.81,194.0,2021-11-12 15:07:30.500000
21080616002,30,13,30,2.07,14.34,24.47,121.91,104.0,2021-08-06 16:00:42.659999
21031413301,22,9,20,2.07,4.92,24.59,121.74,113.0,2021-03-14 13:31:19.120000
21071323204,54,24,25,2.05,8.24,23.93,121.56,75.0,2021-07-13 23:20:49.250000
20052909295,27,11,23,2.05,4.81,23.23,120.82,80.0,2020-05-29 09:32:37.289999
20021314441,19,7,12,2.04,4.58,23.15,120.74,159.0,2020-02-13 14:45:12.580000
21032422321,16,5,9,2.04,6.02,24.93,122.0,224.0,2021-03-24 22:35:22.010000
20021520133,22,10,20,2.03,9.45,23.82,121.55,130.0,2020-02-15 20:15:23.929999
20101712075,17,7,17,2.03,11.3,23.29,120.36,125.0,2020-10-17 12:10:27.300000
21080720241,10,5,6,2.03,16.3,23.28,120.64,84.0,2021-08-07 20:25:40.859999
20031608151,46,19,39,2.02,5.97,24.43,121.4,58.0,2020-03-16 08:16:56.590000
21071500451,38,17,31,2.02,8.26,23.97,121.6,98.0,2021-07-15 00:46:08.720000
21071323207,23,11,12,2.02,8.27,23.96,121.58,91.0,2021-07-13 23:24:06.960000
21071404381,19,10,19,2.02,9.68,23.97,121.58,78.0,2021-07-14 04:39:26.649999
21071412552,16,8,14,2.02,9.67,23.98,121.58,90.0,2021-07-14 12:57:18.370000
21020408131,27,13,19,2.01,10.98,24.14,121.64,156.0,2021-02-04 08:14:12.109999
21061109012,25,12,23,2.01,9.81,23.86,121.56,139.0,2021-06-11 09:03:32.409999
21111807081,28,13,22,2.0,9.0,23.24,120.43,81.0,2021-11-18 07:10:50.399999
20021006501,25,12,13,2.0,1.24,25.17,121.58,84.0,2020-02-10 06:51:53.520000
21031413302,23,10,21,2.0,6.86,24.59,121.74,101.0,2021-03-14 13:31:39.859999
20021006503,14,8,11,2.0,1.83,25.18,121.57,88.0,2020-02-10 06:52:42.920000
20021520495,15,8,15,2.0,9.4,23.83,121.54,120.0,2020-02-15 20:51:45.890000
21071323138,16,8,13,2.0,8.84,23.98,121.58,90.0,2021-07-13 23:17:22.859999
20121018151,15,6,12,2.0,8.2,24.51,121.86,202.0,2020-12-10 18:17:58.179999
21071512394,10,5,10,1.99,10.67,23.98,121.59,101.0,2021-07-15 12:41:10.660000
21070100581,17,6,17,1.98,12.52,23.48,120.58,123.0,2021-07-01 00:59:43.509999
21070718502,9,5,7,1.98,5.21,23.88,121.57,266.0,2021-07-07 18:52:00.930000
21091017391,10,5,10,1.98,8.0,23.79,121.47,157.0,2021-09-10 17:40:44.969999
21071403183,22,10,22,1.97,7.83,23.97,121.58,80.0,2021-07-14 03:20:44.350000
20022511282,16,7,11,1.97,3.15,24.4,121.43,115.0,2020-02-25 11:30:49.770000
21071323122,10,5,6,1.97,9.92,23.9,121.56,138.0,2021-07-13 23:13:21.390000
21042800081,20,9,18,1.96,21.22,24.47,121.87,121.0,2021-04-28 00:08:40.789999
20011512411,20,11,15,1.95,4.57,25.18,121.61,67.0,2020-01-15 12:42:31.440000
20011512412,21,10,10,1.95,3.28,25.18,121.62,66.0,2020-01-15 12:42:38.600000
21042019381,34,13,34,1.93,8.77,23.81,121.48,95.0,2021-04-20 19:39:51.390000
21070714342,19,9,14,1.93,6.88,23.91,121.58,104.0,2021-07-07 14:36:24.100000
21030801381,24,8,22,1.93,18.11,23.25,121.37,159.0,2021-03-08 01:40:53.679999
20092821382,16,6,12,1.93,13.88,22.34,120.99,235.0,2020-09-28 21:40:30.629999
21071404283,11,6,10,1.93,8.29,23.96,121.6,122.0,2021-07-14 04:29:39.700000
21071400164,18,9,12,1.92,9.5,23.93,121.56,83.0,2021-07-14 00:18:45.539999
21032422322,14,5,12,1.91,17.26,25.0,122.06,276.0,2021-03-24 22:34:50.210000
21070100582,13,5,13,1.91,12.4,23.48,120.58,220.0,2021-07-01 00:59:52.619999
20052909292,19,7,16,1.89,3.79,23.22,120.82,112.0,2020-05-29 09:31:26.269999
21070320181,56,23,50,1.86,22.82,24.17,121.59,65.0,2021-07-03 20:18:20.750000
21071408481,32,15,25,1.86,9.77,23.93,121.58,114.0,2021-07-14 08:51:04.530000
20092821381,23,9,21,1.86,13.76,22.36,121.0,220.0,2020-09-28 21:39:10.839999
20053013023,10,6,9,1.86,16.08,24.1,121.53,112.0,2020-05-30 13:04:38.950000
20031608101,35,14,29,1.85,13.4,23.65,120.76,88.0,2020-03-16 08:10:28.690000
21071408084,19,9,19,1.85,9.3,23.95,121.58,106.0,2021-07-14 08:11:17.789999
20090516361,43,17,41,1.84,7.37,24.68,121.59,45.0,2020-09-05 16:37:01.149999
21030114112,39,15,34,1.84,8.79,22.86,120.92,77.0,2021-03-01 14:11:40.409999
21071523074,19,9,16,1.84,10.06,23.97,121.58,75.0,2021-07-15 23:08:51.399999
21102702062,23,7,21,1.84,11.07,23.02,121.05,129.0,2021-10-27 02:07:53.740000
20020215481,17,6,15,1.84,5.56,23.03,121.19,136.0,2020-02-02 15:48:26.410000
21030114111,40,15,38,1.83,8.57,22.86,120.92,83.0,2021-03-01 14:11:19.339999
21021909542,16,7,14,1.83,8.82,23.14,120.46,161.0,2021-02-19 09:55:08.310000
21042502283,14,6,14,1.83,6.55,24.39,121.77,226.0,2021-04-25 02:28:13.929999
21071404284,13,6,13,1.83,8.05,23.95,121.61,186.0,2021-07-14 04:29:49.460000
21042721472,35,13,31,1.82,3.57,23.16,120.92,82.0,2021-04-27 21:49:59.689999
21031418371,27,12,27,1.81,6.55,24.6,121.75,87.0,2021-03-14 18:38:23.989999
20052909294,21,8,21,1.81,3.61,23.23,120.82,102.0,2020-05-29 09:32:13.230000
21030114113,45,17,45,1.8,9.72,22.86,120.92,66.0,2021-03-01 14:13:25.530000
21070718503,16,7,12,1.8,7.46,23.93,121.58,112.0,2021-07-07 18:52:26.750000
20022511202,26,10,18,1.79,7.2,24.4,121.41,80.0,2020-02-25 11:21:19.210000
21070718504,18,8,14,1.79,9.71,23.93,121.58,108.0,2021-07-07 18:52:38.909999
20031605003,35,15,21,1.78,8.24,24.44,121.39,110.0,2020-03-16 05:03:06.040000
21102702064,30,11,30,1.78,5.41,23.02,121.07,105.0,2021-10-27 02:08:45.310000
21070714344,18,8,15,1.78,29.57,23.95,121.05,140.0,2021-07-07 14:36:41.789999
21120710561,17,8,16,1.78,7.88,24.41,121.74,134.0,2021-12-07 10:57:15.500000
20022511281,16,6,7,1.77,5.86,24.39,121.42,129.0,2020-02-25 11:30:04.790000
21070714341,8,5,5,1.77,7.23,23.9,121.58,141.0,2021-07-07 14:35:51.159999
21123108005,11,5,7,1.77,8.47,24.06,121.62,186.0,2021-12-31 08:02:40.960000
20012209221,33,15,29,1.76,27.37,24.28,121.72,172.0,2020-01-22 09:24:03.629999
21080617083,27,10,22,1.76,8.08,23.15,121.29,119.0,2021-08-06 17:10:51.479999
21071409183,22,9,14,1.76,10.71,24.54,121.82,164.0,2021-07-14 09:20:26.230000
20081906205,29,11,29,1.74,10.92,23.21,120.39,145.0,2020-08-19 06:25:26.239999
21071811256,20,9,10,1.74,9.36,24.06,121.63,167.0,2021-07-18 11:28:15.630000
21070711422,16,7,13,1.73,8.46,23.91,121.58,97.0,2021-07-07 11:45:13.560000
20092821383,16,6,16,1.73,13.27,22.35,120.99,234.0,2020-09-28 21:40:47.689999
21071400163,12,7,11,1.72,9.03,23.92,121.59,129.0,2021-07-14 00:16:17.030000
20100502042,18,5,18,1.72,7.18,23.19,120.82,157.0,2020-10-05 02:07:36.689999
20022605343,18,7,10,1.7,4.2,24.41,121.42,132.0,2020-02-26 05:36:26.480000
21061108552,11,6,10,1.7,8.77,23.86,121.52,94.0,2021-06-11 08:56:36.899999
21071403231,10,5,10,1.7,8.6,23.96,121.6,158.0,2021-07-14 03:23:59.340000
20022412105,13,6,11,1.69,10.16,23.84,121.52,95.0,2020-02-24 12:12:50.429999
20092820501,34,15,34,1.65,13.9,24.44,121.87,108.0,2020-09-28 20:51:06.269999
20022511203,28,12,23,1.65,5.37,24.4,121.4,84.0,2020-02-25 11:21:42.200000
21020319141,15,6,13,1.65,7.58,24.48,121.84,233.0,2021-02-03 19:15:42.359999
21071413523,11,6,11,1.65,9.36,23.94,121.58,107.0,2021-07-14 13:54:26.589999
20022511204,33,13,31,1.64,5.71,24.39,121.41,79.0,2020-02-25 11:22:08.330000
20031812481,12,5,10,1.64,3.93,25.17,121.56,130.0,2020-03-18 12:50:06.809999
20110218512,22,10,22,1.63,7.87,24.54,121.51,107.0,2020-11-02 18:53:08.519999
21031111031,26,10,16,1.63,6.5,22.55,120.93,118.0,2021-03-11 11:03:50.479999
21071523075,10,5,10,1.63,8.72,23.98,121.58,90.0,2021-07-15 23:08:57.670000
20021520494,9,5,8,1.62,10.31,23.83,121.53,98.0,2020-02-15 20:51:29.559999
20031206331,22,10,22,1.61,9.83,23.85,121.54,116.0,2020-03-12 06:34:15.019999
21070714343,16,7,10,1.6,8.14,23.91,121.56,90.0,2021-07-07 14:37:01.120000
20021520496,24,11,20,1.59,10.19,23.84,121.53,105.0,2020-02-15 20:52:07.669999
20010606531,23,10,13,1.59,4.21,24.49,121.76,67.0,2020-01-06 06:54:00.690000
20092905321,19,7,19,1.59,12.86,22.37,121.02,203.0,2020-09-29 05:32:26.620000
21020209042,12,6,12,1.59,12.33,24.1,121.62,213.0,2021-02-02 09:07:03.430000
21071323362,11,6,8,1.59,8.74,23.96,121.6,150.0,2021-07-13 23:38:44.259999
20022512261,42,17,37,1.58,5.97,24.39,121.41,61.0,2020-02-25 12:26:48.829999
20022511205,31,12,25,1.58,6.51,24.39,121.41,79.0,2020-02-25 11:22:32.039999
20021521402,18,8,10,1.58,9.55,23.82,121.54,132.0,2020-02-15 21:41:03.870000
20081906203,17,7,17,1.58,11.12,23.21,120.39,137.0,2020-08-19 06:24:15.990000
21061119582,11,5,7,1.58,29.43,22.41,120.48,167.0,2021-06-11 19:59:21.489999
21071512393,19,8,19,1.57,8.99,23.98,121.59,105.0,2021-07-15 12:39:42.350000
21070722311,12,6,12,1.57,10.43,23.88,121.57,136.0,2021-07-07 22:33:20.140000
21071415191,11,6,10,1.57,8.66,23.96,121.59,108.0,2021-07-14 15:20:44.929999
21020319143,15,6,15,1.56,6.63,24.46,121.86,212.0,2021-02-03 19:16:20.589999
21061119581,15,6,13,1.54,25.41,22.42,120.42,208.0,2021-06-11 19:59:10.869999
20021911541,11,5,0,1.53,11.05,23.96,121.0,116.0,2020-02-19 11:57:31.539999
21071323208,11,6,6,1.5,9.46,23.92,121.57,86.0,2021-07-13 23:24:00.610000
21070320182,13,5,13,1.5,10.63,24.41,121.79,190.0,2021-07-03 20:19:00.670000
21100514211,23,10,10,1.47,19.26,24.45,121.83,191.0,2021-10-05 14:21:45.600000
20021911542,16,7,13,1.47,12.9,23.98,121.0,94.0,2020-02-19 11:57:34.450000
20031608152,12,5,12,1.46,4.54,24.44,121.41,98.0,2020-03-16 08:17:31.899999
20031812484,12,5,10,1.46,4.3,25.17,121.56,130.0,2020-03-18 12:51:31.489999
21071409182,22,9,22,1.45,8.54,23.95,121.57,88.0,2021-07-14 09:21:25.760000
21070712522,13,6,7,1.45,5.52,23.91,121.57,85.0,2021-07-07 12:54:19.190000
21071512392,13,7,13,1.42,7.31,23.98,121.6,102.0,2021-07-15 12:39:26.690000
20011011481,22,9,22,1.41,20.23,23.76,121.4,83.0,2020-01-10 11:49:00.180000
21040906131,12,5,10,1.41,5.35,24.6,121.16,211.0,2021-04-09 06:14:56.460000
21070712262,9,5,7,1.38,12.77,23.89,121.54,99.0,2021-07-07 12:27:56.899999
21070722312,12,6,12,1.34,9.67,23.87,121.55,129.0,2021-07-07 22:35:05.070000
21071811257,10,6,4,1.34,9.59,24.06,121.57,112.0,2021-07-18 11:28:31.039999
21042019332,17,8,10,1.3,9.4,23.8,121.46,60.0,2021-04-20 19:36:07.339999
21071409301,11,6,10,1.28,10.13,24.0,121.58,114.0,2021-07-14 09:31:35.579999
21050117342,9,5,8,1.23,2.55,24.12,121.47,106.0,2021-05-01 17:37:38.689999
21071415192,10,5,8,1.05,6.02,23.91,121.56,118.0,2021-07-14 15:20:56.969999
21071323247,15,7,4,0.97,10.61,23.91,121.57,88.0,2021-07-13 23:27:57.960000
